RoomNumber,Name,SyllabusLink,CoursePageLink,Days,StartTime,endTime
50,76,www.newdle.rhodes.edu,www.newdle.rhodes.edu,TR,9:48 AM,3:42 PM
186,35,www.newdle.rhodes.edu,www.newdle.rhodes.edu,MWF,4:13 PM,3:27 PM
617,54,www.newdle.rhodes.edu,www.newdle.rhodes.edu,TR,9:06 AM,11:33 AM
574,8,www.newdle.rhodes.edu,www.newdle.rhodes.edu,TR,9:32 AM,9:05 AM
541,16,www.newdle.rhodes.edu,www.newdle.rhodes.edu,MWF,2:10 PM,11:25 AM
570,20,www.newdle.rhodes.edu,www.newdle.rhodes.edu,TR,3:40 PM,4:01 PM
549,16,www.newdle.rhodes.edu,www.newdle.rhodes.edu,MWF,12:41 PM,12:27 PM
114,9,www.newdle.rhodes.edu,www.newdle.rhodes.edu,TR,12:57 PM,2:36 PM
326,86,www.newdle.rhodes.edu,www.newdle.rhodes.edu,MWF,10:35 AM,4:50 PM
407,72,www.newdle.rhodes.edu,www.newdle.rhodes.edu,MWF,12:01 PM,1:26 PM
568,22,www.newdle.rhodes.edu,www.newdle.rhodes.edu,TR,3:09 PM,12:43 PM
61,89,www.newdle.rhodes.edu,www.newdle.rhodes.edu,MWF,8:33 AM,11:15 AM
553,75,www.newdle.rhodes.edu,www.newdle.rhodes.edu,MWF,4:37 PM,10:17 AM
507,89,www.newdle.rhodes.edu,www.newdle.rhodes.edu,TR,10:32 AM,3:53 PM
446,32,www.newdle.rhodes.edu,www.newdle.rhodes.edu,TR,8:11 AM,3:08 PM
354,17,www.newdle.rhodes.edu,www.newdle.rhodes.edu,TR,8:04 AM,10:49 AM
212,95,www.newdle.rhodes.edu,www.newdle.rhodes.edu,MWF,1:28 PM,10:54 AM
597,19,www.newdle.rhodes.edu,www.newdle.rhodes.edu,TR,3:08 PM,2:40 PM
511,63,www.newdle.rhodes.edu,www.newdle.rhodes.edu,TR,4:55 PM,10:30 AM
652,2,www.newdle.rhodes.edu,www.newdle.rhodes.edu,MWF,4:38 PM,10:00 AM
679,69,www.newdle.rhodes.edu,www.newdle.rhodes.edu,TR,12:42 PM,3:45 PM
289,57,www.newdle.rhodes.edu,www.newdle.rhodes.edu,TR,2:32 PM,9:12 AM
304,44,www.newdle.rhodes.edu,www.newdle.rhodes.edu,MWF,9:17 AM,2:24 PM
241,74,www.newdle.rhodes.edu,www.newdle.rhodes.edu,TR,9:04 AM,1:37 PM
600,69,www.newdle.rhodes.edu,www.newdle.rhodes.edu,MWF,11:16 AM,1:13 PM
326,65,www.newdle.rhodes.edu,www.newdle.rhodes.edu,MWF,1:13 PM,3:30 PM
169,94,www.newdle.rhodes.edu,www.newdle.rhodes.edu,MWF,11:45 AM,12:07 PM
402,21,www.newdle.rhodes.edu,www.newdle.rhodes.edu,TR,4:58 PM,8:05 AM
81,85,www.newdle.rhodes.edu,www.newdle.rhodes.edu,MWF,2:51 PM,10:09 AM
534,70,www.newdle.rhodes.edu,www.newdle.rhodes.edu,TR,3:12 PM,2:00 PM
84,98,www.newdle.rhodes.edu,www.newdle.rhodes.edu,TR,12:32 PM,12:19 PM
301,67,www.newdle.rhodes.edu,www.newdle.rhodes.edu,TR,12:33 PM,3:19 PM
53,19,www.newdle.rhodes.edu,www.newdle.rhodes.edu,MWF,2:25 PM,3:56 PM
559,74,www.newdle.rhodes.edu,www.newdle.rhodes.edu,TR,8:08 AM,8:16 AM
501,59,www.newdle.rhodes.edu,www.newdle.rhodes.edu,MWF,2:06 PM,2:56 PM
164,3,www.newdle.rhodes.edu,www.newdle.rhodes.edu,MWF,11:24 AM,3:59 PM
437,25,www.newdle.rhodes.edu,www.newdle.rhodes.edu,TR,11:32 AM,9:26 AM
618,64,www.newdle.rhodes.edu,www.newdle.rhodes.edu,MWF,1:28 PM,10:33 AM
184,1,www.newdle.rhodes.edu,www.newdle.rhodes.edu,MWF,4:12 PM,11:11 AM
509,45,www.newdle.rhodes.edu,www.newdle.rhodes.edu,TR,4:14 PM,8:42 AM
647,40,www.newdle.rhodes.edu,www.newdle.rhodes.edu,TR,3:56 PM,3:32 PM
518,38,www.newdle.rhodes.edu,www.newdle.rhodes.edu,MWF,3:12 PM,11:52 AM
360,26,www.newdle.rhodes.edu,www.newdle.rhodes.edu,TR,1:07 PM,9:10 AM
335,100,www.newdle.rhodes.edu,www.newdle.rhodes.edu,TR,2:26 PM,11:59 AM
651,54,www.newdle.rhodes.edu,www.newdle.rhodes.edu,TR,8:14 AM,4:18 PM
246,97,www.newdle.rhodes.edu,www.newdle.rhodes.edu,TR,4:02 PM,4:08 PM
55,9,www.newdle.rhodes.edu,www.newdle.rhodes.edu,MWF,10:09 AM,11:21 AM
149,67,www.newdle.rhodes.edu,www.newdle.rhodes.edu,MWF,3:59 PM,4:51 PM
230,85,www.newdle.rhodes.edu,www.newdle.rhodes.edu,MWF,8:21 AM,2:20 PM
588,6,www.newdle.rhodes.edu,www.newdle.rhodes.edu,TR,2:42 PM,2:27 PM
119,76,www.newdle.rhodes.edu,www.newdle.rhodes.edu,TR,8:48 AM,2:59 PM
213,75,www.newdle.rhodes.edu,www.newdle.rhodes.edu,MWF,2:03 PM,1:05 PM
537,24,www.newdle.rhodes.edu,www.newdle.rhodes.edu,TR,2:12 PM,4:00 PM
524,46,www.newdle.rhodes.edu,www.newdle.rhodes.edu,MWF,12:17 PM,9:27 AM
598,32,www.newdle.rhodes.edu,www.newdle.rhodes.edu,MWF,9:07 AM,1:42 PM
529,28,www.newdle.rhodes.edu,www.newdle.rhodes.edu,TR,2:04 PM,3:52 PM
155,43,www.newdle.rhodes.edu,www.newdle.rhodes.edu,TR,2:48 PM,11:04 AM
676,38,www.newdle.rhodes.edu,www.newdle.rhodes.edu,MWF,1:46 PM,1:36 PM
485,94,www.newdle.rhodes.edu,www.newdle.rhodes.edu,MWF,11:27 AM,9:40 AM
262,86,www.newdle.rhodes.edu,www.newdle.rhodes.edu,MWF,3:58 PM,2:56 PM
163,69,www.newdle.rhodes.edu,www.newdle.rhodes.edu,TR,11:23 AM,11:18 AM
522,24,www.newdle.rhodes.edu,www.newdle.rhodes.edu,TR,8:59 AM,8:08 AM
7,26,www.newdle.rhodes.edu,www.newdle.rhodes.edu,MWF,12:43 PM,2:04 PM
412,35,www.newdle.rhodes.edu,www.newdle.rhodes.edu,MWF,2:18 PM,2:27 PM
442,50,www.newdle.rhodes.edu,www.newdle.rhodes.edu,MWF,1:39 PM,11:00 AM
527,67,www.newdle.rhodes.edu,www.newdle.rhodes.edu,MWF,10:44 AM,12:47 PM
196,74,www.newdle.rhodes.edu,www.newdle.rhodes.edu,MWF,9:06 AM,3:01 PM
349,97,www.newdle.rhodes.edu,www.newdle.rhodes.edu,MWF,11:08 AM,12:36 PM
85,12,www.newdle.rhodes.edu,www.newdle.rhodes.edu,TR,8:55 AM,3:28 PM
695,98,www.newdle.rhodes.edu,www.newdle.rhodes.edu,TR,1:42 PM,2:01 PM
284,91,www.newdle.rhodes.edu,www.newdle.rhodes.edu,TR,9:20 AM,8:03 AM
196,60,www.newdle.rhodes.edu,www.newdle.rhodes.edu,MWF,2:40 PM,9:57 AM
203,57,www.newdle.rhodes.edu,www.newdle.rhodes.edu,TR,11:29 AM,3:56 PM
466,95,www.newdle.rhodes.edu,www.newdle.rhodes.edu,TR,4:20 PM,8:40 AM
418,11,www.newdle.rhodes.edu,www.newdle.rhodes.edu,TR,4:00 PM,8:39 AM
252,74,www.newdle.rhodes.edu,www.newdle.rhodes.edu,MWF,1:42 PM,10:40 AM
494,29,www.newdle.rhodes.edu,www.newdle.rhodes.edu,TR,2:20 PM,11:52 AM
262,55,www.newdle.rhodes.edu,www.newdle.rhodes.edu,TR,11:09 AM,9:32 AM
345,74,www.newdle.rhodes.edu,www.newdle.rhodes.edu,MWF,9:42 AM,8:13 AM
348,64,www.newdle.rhodes.edu,www.newdle.rhodes.edu,MWF,12:14 PM,8:19 AM
665,18,www.newdle.rhodes.edu,www.newdle.rhodes.edu,TR,10:12 AM,11:06 AM
93,84,www.newdle.rhodes.edu,www.newdle.rhodes.edu,TR,11:33 AM,10:05 AM
253,48,www.newdle.rhodes.edu,www.newdle.rhodes.edu,MWF,8:58 AM,2:45 PM
447,7,www.newdle.rhodes.edu,www.newdle.rhodes.edu,MWF,2:57 PM,12:55 PM
264,15,www.newdle.rhodes.edu,www.newdle.rhodes.edu,MWF,3:33 PM,1:48 PM
656,18,www.newdle.rhodes.edu,www.newdle.rhodes.edu,MWF,1:31 PM,10:00 AM
321,63,www.newdle.rhodes.edu,www.newdle.rhodes.edu,TR,11:52 AM,8:32 AM
238,41,www.newdle.rhodes.edu,www.newdle.rhodes.edu,MWF,1:31 PM,1:48 PM
117,71,www.newdle.rhodes.edu,www.newdle.rhodes.edu,TR,3:49 PM,4:09 PM
338,8,www.newdle.rhodes.edu,www.newdle.rhodes.edu,TR,8:33 AM,9:55 AM
574,20,www.newdle.rhodes.edu,www.newdle.rhodes.edu,MWF,10:07 AM,4:04 PM
100,93,www.newdle.rhodes.edu,www.newdle.rhodes.edu,TR,10:28 AM,2:22 PM
569,57,www.newdle.rhodes.edu,www.newdle.rhodes.edu,MWF,8:52 AM,4:09 PM
246,24,www.newdle.rhodes.edu,www.newdle.rhodes.edu,MWF,1:43 PM,10:49 AM
92,68,www.newdle.rhodes.edu,www.newdle.rhodes.edu,MWF,2:36 PM,2:30 PM
262,40,www.newdle.rhodes.edu,www.newdle.rhodes.edu,MWF,1:26 PM,2:07 PM
350,17,www.newdle.rhodes.edu,www.newdle.rhodes.edu,MWF,10:11 AM,2:58 PM
663,15,www.newdle.rhodes.edu,www.newdle.rhodes.edu,MWF,8:50 AM,11:19 AM
174,60,www.newdle.rhodes.edu,www.newdle.rhodes.edu,MWF,2:05 PM,3:30 PM
354,81,www.newdle.rhodes.edu,www.newdle.rhodes.edu,MWF,1:18 PM,9:38 AM
226,27,www.newdle.rhodes.edu,www.newdle.rhodes.edu,TR,4:29 PM,8:02 AM
17,39,www.newdle.rhodes.edu,www.newdle.rhodes.edu,MWF,11:57 AM,11:31 AM
521,49,www.newdle.rhodes.edu,www.newdle.rhodes.edu,TR,3:48 PM,10:29 AM
591,86,www.newdle.rhodes.edu,www.newdle.rhodes.edu,TR,11:38 AM,4:29 PM
250,4,www.newdle.rhodes.edu,www.newdle.rhodes.edu,MWF,8:54 AM,1:43 PM
450,19,www.newdle.rhodes.edu,www.newdle.rhodes.edu,MWF,9:08 AM,10:44 AM
548,11,www.newdle.rhodes.edu,www.newdle.rhodes.edu,TR,4:53 PM,1:27 PM
324,14,www.newdle.rhodes.edu,www.newdle.rhodes.edu,TR,3:30 PM,3:24 PM
199,14,www.newdle.rhodes.edu,www.newdle.rhodes.edu,MWF,3:54 PM,8:39 AM
328,5,www.newdle.rhodes.edu,www.newdle.rhodes.edu,TR,4:50 PM,10:23 AM
36,62,www.newdle.rhodes.edu,www.newdle.rhodes.edu,MWF,1:52 PM,3:52 PM
271,86,www.newdle.rhodes.edu,www.newdle.rhodes.edu,MWF,10:50 AM,11:55 AM
525,38,www.newdle.rhodes.edu,www.newdle.rhodes.edu,MWF,1:25 PM,11:05 AM
397,30,www.newdle.rhodes.edu,www.newdle.rhodes.edu,MWF,12:29 PM,11:37 AM
220,74,www.newdle.rhodes.edu,www.newdle.rhodes.edu,TR,10:07 AM,3:38 PM
674,90,www.newdle.rhodes.edu,www.newdle.rhodes.edu,TR,8:19 AM,4:07 PM
257,25,www.newdle.rhodes.edu,www.newdle.rhodes.edu,TR,1:23 PM,8:53 AM
471,70,www.newdle.rhodes.edu,www.newdle.rhodes.edu,TR,3:12 PM,2:44 PM
132,2,www.newdle.rhodes.edu,www.newdle.rhodes.edu,TR,8:33 AM,9:06 AM
24,33,www.newdle.rhodes.edu,www.newdle.rhodes.edu,TR,11:56 AM,2:44 PM
158,33,www.newdle.rhodes.edu,www.newdle.rhodes.edu,MWF,9:44 AM,9:44 AM
425,91,www.newdle.rhodes.edu,www.newdle.rhodes.edu,TR,4:42 PM,1:51 PM
26,97,www.newdle.rhodes.edu,www.newdle.rhodes.edu,TR,9:39 AM,2:38 PM
365,79,www.newdle.rhodes.edu,www.newdle.rhodes.edu,TR,4:05 PM,12:23 PM
665,54,www.newdle.rhodes.edu,www.newdle.rhodes.edu,MWF,1:08 PM,8:17 AM
533,65,www.newdle.rhodes.edu,www.newdle.rhodes.edu,MWF,12:35 PM,1:24 PM
648,98,www.newdle.rhodes.edu,www.newdle.rhodes.edu,MWF,3:53 PM,9:46 AM
327,42,www.newdle.rhodes.edu,www.newdle.rhodes.edu,MWF,11:13 AM,9:48 AM
650,24,www.newdle.rhodes.edu,www.newdle.rhodes.edu,TR,12:13 PM,3:29 PM
181,89,www.newdle.rhodes.edu,www.newdle.rhodes.edu,MWF,4:27 PM,9:07 AM
229,65,www.newdle.rhodes.edu,www.newdle.rhodes.edu,TR,2:50 PM,1:45 PM
508,11,www.newdle.rhodes.edu,www.newdle.rhodes.edu,MWF,10:42 AM,3:32 PM
292,58,www.newdle.rhodes.edu,www.newdle.rhodes.edu,MWF,10:02 AM,10:29 AM
295,69,www.newdle.rhodes.edu,www.newdle.rhodes.edu,MWF,4:08 PM,9:26 AM
190,90,www.newdle.rhodes.edu,www.newdle.rhodes.edu,TR,9:43 AM,9:09 AM
36,13,www.newdle.rhodes.edu,www.newdle.rhodes.edu,MWF,9:29 AM,1:55 PM
102,43,www.newdle.rhodes.edu,www.newdle.rhodes.edu,MWF,9:43 AM,3:58 PM
51,4,www.newdle.rhodes.edu,www.newdle.rhodes.edu,MWF,9:43 AM,4:01 PM
619,88,www.newdle.rhodes.edu,www.newdle.rhodes.edu,TR,8:56 AM,9:23 AM
63,58,www.newdle.rhodes.edu,www.newdle.rhodes.edu,TR,9:44 AM,11:57 AM
369,86,www.newdle.rhodes.edu,www.newdle.rhodes.edu,MWF,8:25 AM,12:05 PM
338,44,www.newdle.rhodes.edu,www.newdle.rhodes.edu,MWF,9:19 AM,8:48 AM
261,49,www.newdle.rhodes.edu,www.newdle.rhodes.edu,MWF,1:36 PM,10:16 AM
679,79,www.newdle.rhodes.edu,www.newdle.rhodes.edu,TR,4:25 PM,3:08 PM
235,88,www.newdle.rhodes.edu,www.newdle.rhodes.edu,TR,2:19 PM,3:53 PM
489,85,www.newdle.rhodes.edu,www.newdle.rhodes.edu,TR,3:35 PM,9:12 AM
575,29,www.newdle.rhodes.edu,www.newdle.rhodes.edu,TR,2:50 PM,1:01 PM
536,85,www.newdle.rhodes.edu,www.newdle.rhodes.edu,MWF,10:20 AM,12:43 PM
284,55,www.newdle.rhodes.edu,www.newdle.rhodes.edu,MWF,10:12 AM,4:04 PM
213,25,www.newdle.rhodes.edu,www.newdle.rhodes.edu,MWF,4:03 PM,3:41 PM
586,60,www.newdle.rhodes.edu,www.newdle.rhodes.edu,TR,9:06 AM,10:27 AM
427,26,www.newdle.rhodes.edu,www.newdle.rhodes.edu,TR,4:41 PM,3:02 PM
222,18,www.newdle.rhodes.edu,www.newdle.rhodes.edu,TR,9:24 AM,10:58 AM
192,100,www.newdle.rhodes.edu,www.newdle.rhodes.edu,TR,2:49 PM,2:14 PM
349,38,www.newdle.rhodes.edu,www.newdle.rhodes.edu,TR,9:37 AM,1:07 PM
591,83,www.newdle.rhodes.edu,www.newdle.rhodes.edu,TR,12:27 PM,9:32 AM
556,80,www.newdle.rhodes.edu,www.newdle.rhodes.edu,MWF,9:28 AM,9:21 AM
279,48,www.newdle.rhodes.edu,www.newdle.rhodes.edu,MWF,3:50 PM,9:28 AM
596,93,www.newdle.rhodes.edu,www.newdle.rhodes.edu,MWF,3:53 PM,2:11 PM
387,56,www.newdle.rhodes.edu,www.newdle.rhodes.edu,TR,1:42 PM,3:24 PM
369,14,www.newdle.rhodes.edu,www.newdle.rhodes.edu,MWF,2:44 PM,4:40 PM
618,65,www.newdle.rhodes.edu,www.newdle.rhodes.edu,TR,4:24 PM,10:24 AM
321,70,www.newdle.rhodes.edu,www.newdle.rhodes.edu,MWF,3:54 PM,10:10 AM
26,59,www.newdle.rhodes.edu,www.newdle.rhodes.edu,TR,12:27 PM,9:21 AM
332,80,www.newdle.rhodes.edu,www.newdle.rhodes.edu,TR,10:51 AM,1:26 PM
49,72,www.newdle.rhodes.edu,www.newdle.rhodes.edu,TR,12:48 PM,3:22 PM
82,12,www.newdle.rhodes.edu,www.newdle.rhodes.edu,TR,1:57 PM,11:26 AM
443,10,www.newdle.rhodes.edu,www.newdle.rhodes.edu,MWF,12:45 PM,10:15 AM
32,84,www.newdle.rhodes.edu,www.newdle.rhodes.edu,TR,1:05 PM,4:54 PM
636,79,www.newdle.rhodes.edu,www.newdle.rhodes.edu,TR,3:19 PM,9:15 AM
259,17,www.newdle.rhodes.edu,www.newdle.rhodes.edu,MWF,11:21 AM,10:18 AM
319,35,www.newdle.rhodes.edu,www.newdle.rhodes.edu,MWF,9:31 AM,8:10 AM
334,14,www.newdle.rhodes.edu,www.newdle.rhodes.edu,MWF,3:11 PM,12:22 PM
65,18,www.newdle.rhodes.edu,www.newdle.rhodes.edu,TR,3:14 PM,9:33 AM
398,23,www.newdle.rhodes.edu,www.newdle.rhodes.edu,TR,2:00 PM,2:09 PM
411,53,www.newdle.rhodes.edu,www.newdle.rhodes.edu,TR,11:59 AM,9:09 AM
517,60,www.newdle.rhodes.edu,www.newdle.rhodes.edu,TR,12:26 PM,9:34 AM
87,12,www.newdle.rhodes.edu,www.newdle.rhodes.edu,MWF,2:06 PM,4:04 PM
465,29,www.newdle.rhodes.edu,www.newdle.rhodes.edu,TR,2:59 PM,4:30 PM
9,56,www.newdle.rhodes.edu,www.newdle.rhodes.edu,MWF,3:16 PM,4:03 PM
495,46,www.newdle.rhodes.edu,www.newdle.rhodes.edu,TR,2:16 PM,2:03 PM
45,40,www.newdle.rhodes.edu,www.newdle.rhodes.edu,MWF,2:21 PM,8:12 AM
335,27,www.newdle.rhodes.edu,www.newdle.rhodes.edu,MWF,10:10 AM,9:23 AM
131,20,www.newdle.rhodes.edu,www.newdle.rhodes.edu,MWF,10:31 AM,9:33 AM
532,31,www.newdle.rhodes.edu,www.newdle.rhodes.edu,MWF,8:36 AM,8:56 AM
137,53,www.newdle.rhodes.edu,www.newdle.rhodes.edu,MWF,4:29 PM,10:34 AM
12,9,www.newdle.rhodes.edu,www.newdle.rhodes.edu,TR,9:26 AM,12:14 PM
645,7,www.newdle.rhodes.edu,www.newdle.rhodes.edu,TR,4:40 PM,9:30 AM
87,17,www.newdle.rhodes.edu,www.newdle.rhodes.edu,TR,8:48 AM,10:50 AM
169,84,www.newdle.rhodes.edu,www.newdle.rhodes.edu,TR,3:24 PM,8:57 AM
35,70,www.newdle.rhodes.edu,www.newdle.rhodes.edu,TR,12:12 PM,10:40 AM
687,93,www.newdle.rhodes.edu,www.newdle.rhodes.edu,TR,10:32 AM,2:06 PM
258,50,www.newdle.rhodes.edu,www.newdle.rhodes.edu,TR,11:34 AM,12:27 PM
136,86,www.newdle.rhodes.edu,www.newdle.rhodes.edu,TR,10:34 AM,11:35 AM
616,52,www.newdle.rhodes.edu,www.newdle.rhodes.edu,MWF,11:08 AM,8:31 AM
176,5,www.newdle.rhodes.edu,www.newdle.rhodes.edu,MWF,8:41 AM,9:38 AM
352,75,www.newdle.rhodes.edu,www.newdle.rhodes.edu,TR,8:53 AM,11:25 AM
422,25,www.newdle.rhodes.edu,www.newdle.rhodes.edu,MWF,10:03 AM,4:24 PM
656,4,www.newdle.rhodes.edu,www.newdle.rhodes.edu,MWF,3:31 PM,9:20 AM
647,86,www.newdle.rhodes.edu,www.newdle.rhodes.edu,MWF,2:53 PM,4:54 PM
5,88,www.newdle.rhodes.edu,www.newdle.rhodes.edu,TR,10:17 AM,11:14 AM
277,25,www.newdle.rhodes.edu,www.newdle.rhodes.edu,TR,10:01 AM,12:46 PM
577,30,www.newdle.rhodes.edu,www.newdle.rhodes.edu,MWF,11:01 AM,3:16 PM
217,6,www.newdle.rhodes.edu,www.newdle.rhodes.edu,MWF,11:01 AM,11:21 AM
346,14,www.newdle.rhodes.edu,www.newdle.rhodes.edu,TR,10:00 AM,8:08 AM
407,52,www.newdle.rhodes.edu,www.newdle.rhodes.edu,TR,10:12 AM,11:08 AM
659,44,www.newdle.rhodes.edu,www.newdle.rhodes.edu,MWF,11:16 AM,8:59 AM
589,31,www.newdle.rhodes.edu,www.newdle.rhodes.edu,MWF,8:47 AM,10:13 AM
428,14,www.newdle.rhodes.edu,www.newdle.rhodes.edu,TR,2:19 PM,4:18 PM
543,59,www.newdle.rhodes.edu,www.newdle.rhodes.edu,TR,11:03 AM,3:06 PM
198,81,www.newdle.rhodes.edu,www.newdle.rhodes.edu,MWF,2:16 PM,9:21 AM
356,5,www.newdle.rhodes.edu,www.newdle.rhodes.edu,TR,10:43 AM,3:08 PM
377,99,www.newdle.rhodes.edu,www.newdle.rhodes.edu,MWF,8:55 AM,11:13 AM
231,6,www.newdle.rhodes.edu,www.newdle.rhodes.edu,TR,1:26 PM,8:16 AM
73,96,www.newdle.rhodes.edu,www.newdle.rhodes.edu,MWF,12:26 PM,3:40 PM
248,93,www.newdle.rhodes.edu,www.newdle.rhodes.edu,TR,12:50 PM,10:08 AM
339,74,www.newdle.rhodes.edu,www.newdle.rhodes.edu,MWF,2:14 PM,2:01 PM
338,45,www.newdle.rhodes.edu,www.newdle.rhodes.edu,TR,4:31 PM,4:41 PM
16,75,www.newdle.rhodes.edu,www.newdle.rhodes.edu,TR,4:31 PM,3:33 PM
232,25,www.newdle.rhodes.edu,www.newdle.rhodes.edu,TR,2:59 PM,4:48 PM
23,35,www.newdle.rhodes.edu,www.newdle.rhodes.edu,MWF,8:08 AM,1:45 PM
88,8,www.newdle.rhodes.edu,www.newdle.rhodes.edu,MWF,8:02 AM,8:12 AM
60,49,www.newdle.rhodes.edu,www.newdle.rhodes.edu,MWF,9:12 AM,1:11 PM
335,77,www.newdle.rhodes.edu,www.newdle.rhodes.edu,TR,2:23 PM,11:52 AM
116,49,www.newdle.rhodes.edu,www.newdle.rhodes.edu,MWF,8:46 AM,4:35 PM
7,55,www.newdle.rhodes.edu,www.newdle.rhodes.edu,TR,9:39 AM,2:41 PM
247,73,www.newdle.rhodes.edu,www.newdle.rhodes.edu,MWF,11:25 AM,4:21 PM
463,19,www.newdle.rhodes.edu,www.newdle.rhodes.edu,MWF,12:13 PM,2:03 PM
272,33,www.newdle.rhodes.edu,www.newdle.rhodes.edu,MWF,10:40 AM,12:52 PM
238,92,www.newdle.rhodes.edu,www.newdle.rhodes.edu,MWF,3:47 PM,9:34 AM
66,46,www.newdle.rhodes.edu,www.newdle.rhodes.edu,MWF,12:09 PM,2:09 PM
512,85,www.newdle.rhodes.edu,www.newdle.rhodes.edu,MWF,11:56 AM,8:49 AM
253,74,www.newdle.rhodes.edu,www.newdle.rhodes.edu,TR,8:30 AM,1:44 PM
353,48,www.newdle.rhodes.edu,www.newdle.rhodes.edu,TR,12:28 PM,12:07 PM
447,1,www.newdle.rhodes.edu,www.newdle.rhodes.edu,MWF,10:48 AM,12:23 PM
70,42,www.newdle.rhodes.edu,www.newdle.rhodes.edu,MWF,10:59 AM,8:58 AM
310,15,www.newdle.rhodes.edu,www.newdle.rhodes.edu,TR,8:05 AM,1:13 PM
583,61,www.newdle.rhodes.edu,www.newdle.rhodes.edu,TR,11:07 AM,9:48 AM
548,25,www.newdle.rhodes.edu,www.newdle.rhodes.edu,MWF,10:54 AM,8:06 AM
412,9,www.newdle.rhodes.edu,www.newdle.rhodes.edu,MWF,8:02 AM,8:27 AM
248,95,www.newdle.rhodes.edu,www.newdle.rhodes.edu,MWF,4:01 PM,3:48 PM
267,84,www.newdle.rhodes.edu,www.newdle.rhodes.edu,MWF,10:21 AM,9:27 AM
555,99,www.newdle.rhodes.edu,www.newdle.rhodes.edu,MWF,9:12 AM,4:32 PM
610,62,www.newdle.rhodes.edu,www.newdle.rhodes.edu,TR,9:58 AM,2:40 PM
329,86,www.newdle.rhodes.edu,www.newdle.rhodes.edu,MWF,2:12 PM,9:57 AM
593,51,www.newdle.rhodes.edu,www.newdle.rhodes.edu,TR,12:39 PM,4:23 PM
549,11,www.newdle.rhodes.edu,www.newdle.rhodes.edu,MWF,9:26 AM,9:41 AM
175,58,www.newdle.rhodes.edu,www.newdle.rhodes.edu,MWF,3:46 PM,10:51 AM
97,19,www.newdle.rhodes.edu,www.newdle.rhodes.edu,MWF,9:05 AM,9:56 AM
635,70,www.newdle.rhodes.edu,www.newdle.rhodes.edu,TR,9:55 AM,2:40 PM
509,41,www.newdle.rhodes.edu,www.newdle.rhodes.edu,MWF,12:41 PM,3:59 PM
129,100,www.newdle.rhodes.edu,www.newdle.rhodes.edu,TR,2:25 PM,4:35 PM
373,70,www.newdle.rhodes.edu,www.newdle.rhodes.edu,MWF,10:49 AM,1:38 PM
5,12,www.newdle.rhodes.edu,www.newdle.rhodes.edu,TR,8:29 AM,9:54 AM
276,91,www.newdle.rhodes.edu,www.newdle.rhodes.edu,TR,10:13 AM,9:14 AM
194,57,www.newdle.rhodes.edu,www.newdle.rhodes.edu,MWF,11:32 AM,8:05 AM
60,3,www.newdle.rhodes.edu,www.newdle.rhodes.edu,TR,11:48 AM,10:33 AM
225,42,www.newdle.rhodes.edu,www.newdle.rhodes.edu,TR,3:17 PM,1:35 PM
255,32,www.newdle.rhodes.edu,www.newdle.rhodes.edu,MWF,8:36 AM,3:08 PM
361,58,www.newdle.rhodes.edu,www.newdle.rhodes.edu,TR,8:16 AM,9:26 AM
138,95,www.newdle.rhodes.edu,www.newdle.rhodes.edu,TR,8:36 AM,2:35 PM
138,65,www.newdle.rhodes.edu,www.newdle.rhodes.edu,TR,10:19 AM,12:43 PM
573,52,www.newdle.rhodes.edu,www.newdle.rhodes.edu,MWF,2:39 PM,1:07 PM
551,58,www.newdle.rhodes.edu,www.newdle.rhodes.edu,MWF,1:38 PM,1:22 PM
601,22,www.newdle.rhodes.edu,www.newdle.rhodes.edu,MWF,4:35 PM,12:41 PM
225,54,www.newdle.rhodes.edu,www.newdle.rhodes.edu,TR,9:03 AM,8:39 AM
263,24,www.newdle.rhodes.edu,www.newdle.rhodes.edu,TR,1:52 PM,1:44 PM
136,57,www.newdle.rhodes.edu,www.newdle.rhodes.edu,TR,11:25 AM,8:27 AM
313,47,www.newdle.rhodes.edu,www.newdle.rhodes.edu,MWF,1:17 PM,9:57 AM
508,8,www.newdle.rhodes.edu,www.newdle.rhodes.edu,TR,8:57 AM,10:53 AM
688,80,www.newdle.rhodes.edu,www.newdle.rhodes.edu,TR,2:45 PM,10:42 AM
58,16,www.newdle.rhodes.edu,www.newdle.rhodes.edu,TR,9:46 AM,8:57 AM
236,54,www.newdle.rhodes.edu,www.newdle.rhodes.edu,MWF,11:25 AM,9:21 AM
421,58,www.newdle.rhodes.edu,www.newdle.rhodes.edu,TR,3:46 PM,9:19 AM
165,21,www.newdle.rhodes.edu,www.newdle.rhodes.edu,MWF,4:29 PM,12:53 PM
552,2,www.newdle.rhodes.edu,www.newdle.rhodes.edu,MWF,12:20 PM,4:09 PM
91,53,www.newdle.rhodes.edu,www.newdle.rhodes.edu,TR,8:05 AM,8:48 AM
604,1,www.newdle.rhodes.edu,www.newdle.rhodes.edu,MWF,3:59 PM,8:30 AM
605,22,www.newdle.rhodes.edu,www.newdle.rhodes.edu,MWF,4:17 PM,12:34 PM
413,87,www.newdle.rhodes.edu,www.newdle.rhodes.edu,TR,11:28 AM,11:43 AM
457,97,www.newdle.rhodes.edu,www.newdle.rhodes.edu,MWF,11:48 AM,4:00 PM
617,50,www.newdle.rhodes.edu,www.newdle.rhodes.edu,TR,2:34 PM,2:54 PM
281,96,www.newdle.rhodes.edu,www.newdle.rhodes.edu,TR,9:48 AM,12:08 PM
99,23,www.newdle.rhodes.edu,www.newdle.rhodes.edu,TR,9:18 AM,11:17 AM
639,41,www.newdle.rhodes.edu,www.newdle.rhodes.edu,TR,10:11 AM,11:22 AM
280,70,www.newdle.rhodes.edu,www.newdle.rhodes.edu,TR,12:56 PM,2:11 PM
195,93,www.newdle.rhodes.edu,www.newdle.rhodes.edu,MWF,10:01 AM,4:33 PM
309,80,www.newdle.rhodes.edu,www.newdle.rhodes.edu,TR,12:36 PM,12:30 PM
623,53,www.newdle.rhodes.edu,www.newdle.rhodes.edu,TR,12:40 PM,9:37 AM
693,66,www.newdle.rhodes.edu,www.newdle.rhodes.edu,TR,12:33 PM,9:25 AM
119,15,www.newdle.rhodes.edu,www.newdle.rhodes.edu,MWF,2:38 PM,12:00 PM
220,51,www.newdle.rhodes.edu,www.newdle.rhodes.edu,MWF,4:12 PM,1:01 PM
692,14,www.newdle.rhodes.edu,www.newdle.rhodes.edu,MWF,2:06 PM,12:16 PM
696,43,www.newdle.rhodes.edu,www.newdle.rhodes.edu,TR,3:19 PM,10:59 AM
461,82,www.newdle.rhodes.edu,www.newdle.rhodes.edu,TR,3:47 PM,4:37 PM
254,64,www.newdle.rhodes.edu,www.newdle.rhodes.edu,MWF,2:16 PM,10:03 AM
25,59,www.newdle.rhodes.edu,www.newdle.rhodes.edu,MWF,3:05 PM,11:57 AM
36,55,www.newdle.rhodes.edu,www.newdle.rhodes.edu,MWF,1:59 PM,11:53 AM
458,45,www.newdle.rhodes.edu,www.newdle.rhodes.edu,MWF,1:04 PM,1:17 PM
114,55,www.newdle.rhodes.edu,www.newdle.rhodes.edu,TR,4:11 PM,9:19 AM
275,51,www.newdle.rhodes.edu,www.newdle.rhodes.edu,TR,3:22 PM,4:54 PM
147,32,www.newdle.rhodes.edu,www.newdle.rhodes.edu,TR,4:56 PM,8:54 AM
14,20,www.newdle.rhodes.edu,www.newdle.rhodes.edu,MWF,2:20 PM,1:33 PM
535,92,www.newdle.rhodes.edu,www.newdle.rhodes.edu,TR,11:23 AM,4:32 PM
122,15,www.newdle.rhodes.edu,www.newdle.rhodes.edu,MWF,1:18 PM,10:58 AM
128,74,www.newdle.rhodes.edu,www.newdle.rhodes.edu,MWF,3:30 PM,11:17 AM
315,55,www.newdle.rhodes.edu,www.newdle.rhodes.edu,TR,4:25 PM,3:17 PM
657,21,www.newdle.rhodes.edu,www.newdle.rhodes.edu,MWF,2:50 PM,2:18 PM
563,42,www.newdle.rhodes.edu,www.newdle.rhodes.edu,TR,9:19 AM,12:39 PM
265,91,www.newdle.rhodes.edu,www.newdle.rhodes.edu,MWF,10:33 AM,11:26 AM
441,8,www.newdle.rhodes.edu,www.newdle.rhodes.edu,MWF,3:16 PM,12:15 PM
8,54,www.newdle.rhodes.edu,www.newdle.rhodes.edu,MWF,8:38 AM,1:21 PM
108,29,www.newdle.rhodes.edu,www.newdle.rhodes.edu,MWF,10:13 AM,9:08 AM
215,97,www.newdle.rhodes.edu,www.newdle.rhodes.edu,TR,11:41 AM,3:07 PM
7,25,www.newdle.rhodes.edu,www.newdle.rhodes.edu,MWF,8:09 AM,3:56 PM
338,8,www.newdle.rhodes.edu,www.newdle.rhodes.edu,TR,3:25 PM,8:21 AM
597,68,www.newdle.rhodes.edu,www.newdle.rhodes.edu,MWF,9:59 AM,1:41 PM
684,8,www.newdle.rhodes.edu,www.newdle.rhodes.edu,MWF,12:46 PM,2:33 PM
530,91,www.newdle.rhodes.edu,www.newdle.rhodes.edu,TR,8:25 AM,12:46 PM
562,67,www.newdle.rhodes.edu,www.newdle.rhodes.edu,MWF,1:55 PM,10:49 AM
601,55,www.newdle.rhodes.edu,www.newdle.rhodes.edu,TR,3:11 PM,3:23 PM
384,92,www.newdle.rhodes.edu,www.newdle.rhodes.edu,TR,10:29 AM,4:35 PM
501,33,www.newdle.rhodes.edu,www.newdle.rhodes.edu,TR,10:31 AM,9:40 AM
28,95,www.newdle.rhodes.edu,www.newdle.rhodes.edu,MWF,11:16 AM,1:21 PM
138,42,www.newdle.rhodes.edu,www.newdle.rhodes.edu,TR,9:37 AM,11:02 AM
146,97,www.newdle.rhodes.edu,www.newdle.rhodes.edu,MWF,9:35 AM,8:53 AM
46,22,www.newdle.rhodes.edu,www.newdle.rhodes.edu,TR,4:41 PM,4:15 PM
282,15,www.newdle.rhodes.edu,www.newdle.rhodes.edu,TR,8:02 AM,2:59 PM
251,82,www.newdle.rhodes.edu,www.newdle.rhodes.edu,MWF,12:08 PM,12:44 PM
319,47,www.newdle.rhodes.edu,www.newdle.rhodes.edu,MWF,11:16 AM,2:10 PM
51,75,www.newdle.rhodes.edu,www.newdle.rhodes.edu,TR,4:15 PM,2:01 PM
108,13,www.newdle.rhodes.edu,www.newdle.rhodes.edu,MWF,4:51 PM,4:36 PM
548,48,www.newdle.rhodes.edu,www.newdle.rhodes.edu,TR,1:39 PM,1:28 PM
224,37,www.newdle.rhodes.edu,www.newdle.rhodes.edu,TR,8:56 AM,8:08 AM
230,17,www.newdle.rhodes.edu,www.newdle.rhodes.edu,MWF,3:43 PM,2:08 PM
338,1,www.newdle.rhodes.edu,www.newdle.rhodes.edu,MWF,4:11 PM,1:30 PM
402,11,www.newdle.rhodes.edu,www.newdle.rhodes.edu,MWF,9:58 AM,8:53 AM
541,67,www.newdle.rhodes.edu,www.newdle.rhodes.edu,TR,2:20 PM,11:10 AM
445,23,www.newdle.rhodes.edu,www.newdle.rhodes.edu,TR,4:42 PM,3:32 PM
273,13,www.newdle.rhodes.edu,www.newdle.rhodes.edu,MWF,11:37 AM,10:33 AM
354,51,www.newdle.rhodes.edu,www.newdle.rhodes.edu,MWF,11:42 AM,11:56 AM
616,33,www.newdle.rhodes.edu,www.newdle.rhodes.edu,MWF,10:34 AM,12:17 PM
699,35,www.newdle.rhodes.edu,www.newdle.rhodes.edu,TR,9:04 AM,9:30 AM
345,1,www.newdle.rhodes.edu,www.newdle.rhodes.edu,TR,9:35 AM,1:06 PM
27,28,www.newdle.rhodes.edu,www.newdle.rhodes.edu,MWF,3:57 PM,4:57 PM
410,6,www.newdle.rhodes.edu,www.newdle.rhodes.edu,TR,12:27 PM,10:21 AM
15,76,www.newdle.rhodes.edu,www.newdle.rhodes.edu,TR,1:42 PM,9:01 AM
643,49,www.newdle.rhodes.edu,www.newdle.rhodes.edu,TR,10:37 AM,10:07 AM
407,45,www.newdle.rhodes.edu,www.newdle.rhodes.edu,TR,4:08 PM,10:14 AM
47,99,www.newdle.rhodes.edu,www.newdle.rhodes.edu,TR,1:35 PM,10:08 AM
230,42,www.newdle.rhodes.edu,www.newdle.rhodes.edu,TR,9:28 AM,4:25 PM
69,82,www.newdle.rhodes.edu,www.newdle.rhodes.edu,TR,2:22 PM,3:33 PM
552,72,www.newdle.rhodes.edu,www.newdle.rhodes.edu,TR,11:03 AM,12:42 PM
91,86,www.newdle.rhodes.edu,www.newdle.rhodes.edu,MWF,12:07 PM,11:19 AM
550,18,www.newdle.rhodes.edu,www.newdle.rhodes.edu,MWF,10:33 AM,10:34 AM
461,28,www.newdle.rhodes.edu,www.newdle.rhodes.edu,TR,11:46 AM,9:50 AM
372,48,www.newdle.rhodes.edu,www.newdle.rhodes.edu,TR,2:49 PM,2:23 PM
568,13,www.newdle.rhodes.edu,www.newdle.rhodes.edu,MWF,12:58 PM,4:23 PM
192,55,www.newdle.rhodes.edu,www.newdle.rhodes.edu,MWF,2:36 PM,2:15 PM
419,52,www.newdle.rhodes.edu,www.newdle.rhodes.edu,TR,2:43 PM,9:03 AM
47,13,www.newdle.rhodes.edu,www.newdle.rhodes.edu,MWF,4:44 PM,10:37 AM
39,49,www.newdle.rhodes.edu,www.newdle.rhodes.edu,MWF,11:03 AM,10:33 AM
146,47,www.newdle.rhodes.edu,www.newdle.rhodes.edu,MWF,9:34 AM,11:45 AM
482,76,www.newdle.rhodes.edu,www.newdle.rhodes.edu,MWF,1:24 PM,12:17 PM
244,44,www.newdle.rhodes.edu,www.newdle.rhodes.edu,MWF,10:21 AM,1:35 PM
334,96,www.newdle.rhodes.edu,www.newdle.rhodes.edu,MWF,9:30 AM,10:54 AM
229,22,www.newdle.rhodes.edu,www.newdle.rhodes.edu,TR,12:15 PM,9:03 AM
375,93,www.newdle.rhodes.edu,www.newdle.rhodes.edu,TR,10:45 AM,8:56 AM
543,91,www.newdle.rhodes.edu,www.newdle.rhodes.edu,MWF,1:29 PM,8:31 AM
195,84,www.newdle.rhodes.edu,www.newdle.rhodes.edu,TR,3:16 PM,11:02 AM
295,94,www.newdle.rhodes.edu,www.newdle.rhodes.edu,MWF,11:28 AM,2:02 PM
204,99,www.newdle.rhodes.edu,www.newdle.rhodes.edu,MWF,10:23 AM,9:10 AM
397,6,www.newdle.rhodes.edu,www.newdle.rhodes.edu,MWF,1:19 PM,12:56 PM
510,14,www.newdle.rhodes.edu,www.newdle.rhodes.edu,MWF,10:31 AM,8:57 AM
446,59,www.newdle.rhodes.edu,www.newdle.rhodes.edu,MWF,10:20 AM,9:12 AM
448,42,www.newdle.rhodes.edu,www.newdle.rhodes.edu,MWF,10:17 AM,9:53 AM
94,86,www.newdle.rhodes.edu,www.newdle.rhodes.edu,TR,12:10 PM,9:08 AM
652,87,www.newdle.rhodes.edu,www.newdle.rhodes.edu,MWF,8:28 AM,3:16 PM
206,42,www.newdle.rhodes.edu,www.newdle.rhodes.edu,MWF,10:40 AM,11:41 AM
268,54,www.newdle.rhodes.edu,www.newdle.rhodes.edu,TR,1:01 PM,3:20 PM
351,63,www.newdle.rhodes.edu,www.newdle.rhodes.edu,MWF,1:33 PM,12:37 PM
153,50,www.newdle.rhodes.edu,www.newdle.rhodes.edu,MWF,9:36 AM,2:34 PM
467,99,www.newdle.rhodes.edu,www.newdle.rhodes.edu,MWF,2:23 PM,8:00 AM
540,42,www.newdle.rhodes.edu,www.newdle.rhodes.edu,MWF,11:06 AM,11:50 AM
327,87,www.newdle.rhodes.edu,www.newdle.rhodes.edu,MWF,1:00 PM,4:17 PM
276,83,www.newdle.rhodes.edu,www.newdle.rhodes.edu,TR,1:38 PM,12:18 PM
563,95,www.newdle.rhodes.edu,www.newdle.rhodes.edu,MWF,12:06 PM,1:44 PM
445,90,www.newdle.rhodes.edu,www.newdle.rhodes.edu,TR,2:10 PM,12:27 PM
282,89,www.newdle.rhodes.edu,www.newdle.rhodes.edu,TR,2:09 PM,8:54 AM
381,69,www.newdle.rhodes.edu,www.newdle.rhodes.edu,TR,12:18 PM,3:02 PM
430,59,www.newdle.rhodes.edu,www.newdle.rhodes.edu,MWF,12:28 PM,9:44 AM
311,43,www.newdle.rhodes.edu,www.newdle.rhodes.edu,TR,9:45 AM,2:47 PM
199,49,www.newdle.rhodes.edu,www.newdle.rhodes.edu,MWF,2:12 PM,3:07 PM
562,5,www.newdle.rhodes.edu,www.newdle.rhodes.edu,MWF,2:11 PM,9:13 AM
538,64,www.newdle.rhodes.edu,www.newdle.rhodes.edu,MWF,2:51 PM,2:27 PM
189,62,www.newdle.rhodes.edu,www.newdle.rhodes.edu,TR,8:48 AM,12:03 PM
41,92,www.newdle.rhodes.edu,www.newdle.rhodes.edu,TR,2:15 PM,11:09 AM
410,88,www.newdle.rhodes.edu,www.newdle.rhodes.edu,MWF,10:56 AM,2:00 PM
183,48,www.newdle.rhodes.edu,www.newdle.rhodes.edu,MWF,3:00 PM,10:10 AM
604,65,www.newdle.rhodes.edu,www.newdle.rhodes.edu,MWF,2:37 PM,1:30 PM
28,64,www.newdle.rhodes.edu,www.newdle.rhodes.edu,MWF,10:31 AM,11:50 AM
451,94,www.newdle.rhodes.edu,www.newdle.rhodes.edu,MWF,2:09 PM,3:49 PM
6,87,www.newdle.rhodes.edu,www.newdle.rhodes.edu,MWF,1:36 PM,11:17 AM
505,55,www.newdle.rhodes.edu,www.newdle.rhodes.edu,TR,9:26 AM,12:58 PM
228,28,www.newdle.rhodes.edu,www.newdle.rhodes.edu,TR,2:38 PM,2:29 PM
214,70,www.newdle.rhodes.edu,www.newdle.rhodes.edu,TR,10:41 AM,12:34 PM
614,42,www.newdle.rhodes.edu,www.newdle.rhodes.edu,MWF,12:49 PM,4:45 PM
398,7,www.newdle.rhodes.edu,www.newdle.rhodes.edu,TR,3:21 PM,2:45 PM
334,52,www.newdle.rhodes.edu,www.newdle.rhodes.edu,MWF,1:40 PM,2:12 PM
413,45,www.newdle.rhodes.edu,www.newdle.rhodes.edu,TR,4:57 PM,3:12 PM
366,81,www.newdle.rhodes.edu,www.newdle.rhodes.edu,TR,8:31 AM,3:08 PM
565,91,www.newdle.rhodes.edu,www.newdle.rhodes.edu,MWF,4:44 PM,1:48 PM
290,67,www.newdle.rhodes.edu,www.newdle.rhodes.edu,MWF,12:47 PM,4:39 PM
378,10,www.newdle.rhodes.edu,www.newdle.rhodes.edu,TR,8:23 AM,1:33 PM
447,59,www.newdle.rhodes.edu,www.newdle.rhodes.edu,MWF,9:58 AM,3:51 PM
292,28,www.newdle.rhodes.edu,www.newdle.rhodes.edu,MWF,11:18 AM,8:15 AM
25,89,www.newdle.rhodes.edu,www.newdle.rhodes.edu,TR,11:56 AM,3:07 PM
690,57,www.newdle.rhodes.edu,www.newdle.rhodes.edu,MWF,12:43 PM,4:12 PM
487,30,www.newdle.rhodes.edu,www.newdle.rhodes.edu,MWF,8:36 AM,1:25 PM
572,38,www.newdle.rhodes.edu,www.newdle.rhodes.edu,MWF,2:55 PM,2:37 PM
500,62,www.newdle.rhodes.edu,www.newdle.rhodes.edu,MWF,2:11 PM,2:00 PM
351,32,www.newdle.rhodes.edu,www.newdle.rhodes.edu,MWF,10:34 AM,10:58 AM
425,58,www.newdle.rhodes.edu,www.newdle.rhodes.edu,MWF,8:12 AM,8:45 AM
129,73,www.newdle.rhodes.edu,www.newdle.rhodes.edu,TR,1:53 PM,1:37 PM
676,97,www.newdle.rhodes.edu,www.newdle.rhodes.edu,TR,2:20 PM,12:42 PM
168,23,www.newdle.rhodes.edu,www.newdle.rhodes.edu,MWF,11:09 AM,8:17 AM
292,47,www.newdle.rhodes.edu,www.newdle.rhodes.edu,MWF,4:42 PM,9:03 AM
421,56,www.newdle.rhodes.edu,www.newdle.rhodes.edu,MWF,10:39 AM,2:10 PM
275,23,www.newdle.rhodes.edu,www.newdle.rhodes.edu,TR,10:43 AM,1:09 PM
523,10,www.newdle.rhodes.edu,www.newdle.rhodes.edu,TR,11:16 AM,3:43 PM
430,48,www.newdle.rhodes.edu,www.newdle.rhodes.edu,MWF,9:01 AM,8:35 AM
660,26,www.newdle.rhodes.edu,www.newdle.rhodes.edu,TR,4:32 PM,1:23 PM
698,7,www.newdle.rhodes.edu,www.newdle.rhodes.edu,TR,1:13 PM,4:50 PM
639,91,www.newdle.rhodes.edu,www.newdle.rhodes.edu,TR,8:53 AM,8:04 AM
228,11,www.newdle.rhodes.edu,www.newdle.rhodes.edu,MWF,11:03 AM,9:23 AM
443,62,www.newdle.rhodes.edu,www.newdle.rhodes.edu,MWF,11:05 AM,10:25 AM
134,40,www.newdle.rhodes.edu,www.newdle.rhodes.edu,MWF,4:04 PM,1:21 PM
619,95,www.newdle.rhodes.edu,www.newdle.rhodes.edu,MWF,3:00 PM,1:16 PM
323,89,www.newdle.rhodes.edu,www.newdle.rhodes.edu,MWF,12:11 PM,10:28 AM
488,84,www.newdle.rhodes.edu,www.newdle.rhodes.edu,MWF,1:56 PM,11:35 AM
493,93,www.newdle.rhodes.edu,www.newdle.rhodes.edu,TR,12:00 PM,3:55 PM
560,47,www.newdle.rhodes.edu,www.newdle.rhodes.edu,TR,1:52 PM,8:34 AM
393,14,www.newdle.rhodes.edu,www.newdle.rhodes.edu,MWF,12:55 PM,9:20 AM
523,38,www.newdle.rhodes.edu,www.newdle.rhodes.edu,TR,8:10 AM,1:40 PM
458,27,www.newdle.rhodes.edu,www.newdle.rhodes.edu,TR,9:11 AM,11:53 AM
328,8,www.newdle.rhodes.edu,www.newdle.rhodes.edu,MWF,4:57 PM,4:14 PM
220,34,www.newdle.rhodes.edu,www.newdle.rhodes.edu,MWF,10:24 AM,9:46 AM
127,47,www.newdle.rhodes.edu,www.newdle.rhodes.edu,TR,8:56 AM,1:41 PM
415,57,www.newdle.rhodes.edu,www.newdle.rhodes.edu,TR,11:59 AM,1:23 PM
188,15,www.newdle.rhodes.edu,www.newdle.rhodes.edu,TR,3:00 PM,4:43 PM
419,52,www.newdle.rhodes.edu,www.newdle.rhodes.edu,MWF,3:56 PM,12:45 PM
365,68,www.newdle.rhodes.edu,www.newdle.rhodes.edu,MWF,8:47 AM,9:42 AM
275,41,www.newdle.rhodes.edu,www.newdle.rhodes.edu,MWF,4:00 PM,11:21 AM
597,35,www.newdle.rhodes.edu,www.newdle.rhodes.edu,TR,11:11 AM,3:07 PM
603,76,www.newdle.rhodes.edu,www.newdle.rhodes.edu,MWF,3:55 PM,9:56 AM
614,100,www.newdle.rhodes.edu,www.newdle.rhodes.edu,MWF,4:58 PM,2:26 PM
373,55,www.newdle.rhodes.edu,www.newdle.rhodes.edu,MWF,8:47 AM,1:02 PM
392,59,www.newdle.rhodes.edu,www.newdle.rhodes.edu,MWF,3:14 PM,2:53 PM
696,76,www.newdle.rhodes.edu,www.newdle.rhodes.edu,TR,10:19 AM,12:21 PM
454,33,www.newdle.rhodes.edu,www.newdle.rhodes.edu,MWF,1:47 PM,2:40 PM
25,91,www.newdle.rhodes.edu,www.newdle.rhodes.edu,MWF,11:00 AM,3:16 PM
604,1,www.newdle.rhodes.edu,www.newdle.rhodes.edu,TR,12:12 PM,9:50 AM
652,17,www.newdle.rhodes.edu,www.newdle.rhodes.edu,MWF,11:01 AM,4:47 PM
385,73,www.newdle.rhodes.edu,www.newdle.rhodes.edu,MWF,12:02 PM,3:03 PM
696,5,www.newdle.rhodes.edu,www.newdle.rhodes.edu,MWF,8:04 AM,8:19 AM
278,41,www.newdle.rhodes.edu,www.newdle.rhodes.edu,MWF,11:39 AM,4:28 PM
266,4,www.newdle.rhodes.edu,www.newdle.rhodes.edu,MWF,10:52 AM,12:53 PM
563,26,www.newdle.rhodes.edu,www.newdle.rhodes.edu,MWF,10:16 AM,12:44 PM
507,11,www.newdle.rhodes.edu,www.newdle.rhodes.edu,MWF,3:46 PM,11:08 AM
49,85,www.newdle.rhodes.edu,www.newdle.rhodes.edu,TR,2:35 PM,12:43 PM
348,9,www.newdle.rhodes.edu,www.newdle.rhodes.edu,TR,8:27 AM,4:05 PM
186,67,www.newdle.rhodes.edu,www.newdle.rhodes.edu,TR,8:53 AM,12:47 PM
85,73,www.newdle.rhodes.edu,www.newdle.rhodes.edu,TR,8:43 AM,2:23 PM
463,33,www.newdle.rhodes.edu,www.newdle.rhodes.edu,MWF,2:49 PM,10:50 AM
577,20,www.newdle.rhodes.edu,www.newdle.rhodes.edu,MWF,11:19 AM,11:15 AM
23,2,www.newdle.rhodes.edu,www.newdle.rhodes.edu,TR,1:35 PM,12:14 PM
562,18,www.newdle.rhodes.edu,www.newdle.rhodes.edu,MWF,12:43 PM,10:58 AM
430,17,www.newdle.rhodes.edu,www.newdle.rhodes.edu,TR,11:04 AM,10:30 AM
299,19,www.newdle.rhodes.edu,www.newdle.rhodes.edu,TR,4:10 PM,11:09 AM
423,97,www.newdle.rhodes.edu,www.newdle.rhodes.edu,TR,10:56 AM,3:36 PM
638,17,www.newdle.rhodes.edu,www.newdle.rhodes.edu,MWF,4:19 PM,1:19 PM
13,19,www.newdle.rhodes.edu,www.newdle.rhodes.edu,TR,4:33 PM,1:05 PM
393,81,www.newdle.rhodes.edu,www.newdle.rhodes.edu,TR,10:38 AM,3:33 PM
602,37,www.newdle.rhodes.edu,www.newdle.rhodes.edu,MWF,12:18 PM,11:26 AM
440,97,www.newdle.rhodes.edu,www.newdle.rhodes.edu,MWF,3:06 PM,8:51 AM
432,91,www.newdle.rhodes.edu,www.newdle.rhodes.edu,MWF,3:06 PM,8:00 AM
286,81,www.newdle.rhodes.edu,www.newdle.rhodes.edu,TR,1:53 PM,12:50 PM
89,5,www.newdle.rhodes.edu,www.newdle.rhodes.edu,MWF,2:18 PM,9:49 AM
392,1,www.newdle.rhodes.edu,www.newdle.rhodes.edu,TR,3:36 PM,1:14 PM
473,97,www.newdle.rhodes.edu,www.newdle.rhodes.edu,MWF,9:04 AM,10:04 AM
160,69,www.newdle.rhodes.edu,www.newdle.rhodes.edu,MWF,10:57 AM,10:23 AM
677,91,www.newdle.rhodes.edu,www.newdle.rhodes.edu,TR,1:18 PM,10:12 AM
544,93,www.newdle.rhodes.edu,www.newdle.rhodes.edu,MWF,8:15 AM,3:43 PM
195,89,www.newdle.rhodes.edu,www.newdle.rhodes.edu,MWF,4:23 PM,3:15 PM
332,56,www.newdle.rhodes.edu,www.newdle.rhodes.edu,MWF,4:26 PM,9:30 AM
286,34,www.newdle.rhodes.edu,www.newdle.rhodes.edu,TR,3:51 PM,8:49 AM
118,18,www.newdle.rhodes.edu,www.newdle.rhodes.edu,MWF,4:43 PM,4:07 PM
197,91,www.newdle.rhodes.edu,www.newdle.rhodes.edu,TR,10:35 AM,11:03 AM
70,66,www.newdle.rhodes.edu,www.newdle.rhodes.edu,MWF,9:05 AM,10:44 AM
385,38,www.newdle.rhodes.edu,www.newdle.rhodes.edu,MWF,2:36 PM,9:56 AM
505,13,www.newdle.rhodes.edu,www.newdle.rhodes.edu,TR,10:41 AM,4:11 PM
619,61,www.newdle.rhodes.edu,www.newdle.rhodes.edu,TR,9:25 AM,8:15 AM
309,71,www.newdle.rhodes.edu,www.newdle.rhodes.edu,MWF,9:47 AM,3:32 PM
514,51,www.newdle.rhodes.edu,www.newdle.rhodes.edu,MWF,2:34 PM,8:14 AM
304,45,www.newdle.rhodes.edu,www.newdle.rhodes.edu,MWF,1:26 PM,4:55 PM
396,81,www.newdle.rhodes.edu,www.newdle.rhodes.edu,TR,2:02 PM,3:01 PM
319,4,www.newdle.rhodes.edu,www.newdle.rhodes.edu,TR,8:32 AM,2:47 PM
488,48,www.newdle.rhodes.edu,www.newdle.rhodes.edu,MWF,3:30 PM,10:29 AM
247,96,www.newdle.rhodes.edu,www.newdle.rhodes.edu,TR,11:23 AM,4:34 PM
464,56,www.newdle.rhodes.edu,www.newdle.rhodes.edu,TR,4:52 PM,12:41 PM
51,67,www.newdle.rhodes.edu,www.newdle.rhodes.edu,TR,12:06 PM,9:19 AM
10,22,www.newdle.rhodes.edu,www.newdle.rhodes.edu,TR,2:53 PM,3:01 PM
364,41,www.newdle.rhodes.edu,www.newdle.rhodes.edu,TR,10:44 AM,3:52 PM
579,37,www.newdle.rhodes.edu,www.newdle.rhodes.edu,MWF,1:23 PM,11:36 AM
316,21,www.newdle.rhodes.edu,www.newdle.rhodes.edu,MWF,9:21 AM,1:10 PM
501,50,www.newdle.rhodes.edu,www.newdle.rhodes.edu,TR,2:48 PM,1:35 PM
347,13,www.newdle.rhodes.edu,www.newdle.rhodes.edu,MWF,2:14 PM,2:55 PM
189,44,www.newdle.rhodes.edu,www.newdle.rhodes.edu,TR,3:38 PM,4:43 PM
322,91,www.newdle.rhodes.edu,www.newdle.rhodes.edu,MWF,2:52 PM,2:13 PM
679,70,www.newdle.rhodes.edu,www.newdle.rhodes.edu,TR,11:16 AM,2:16 PM
123,2,www.newdle.rhodes.edu,www.newdle.rhodes.edu,MWF,2:48 PM,10:19 AM
603,21,www.newdle.rhodes.edu,www.newdle.rhodes.edu,TR,8:28 AM,8:29 AM
570,29,www.newdle.rhodes.edu,www.newdle.rhodes.edu,MWF,2:06 PM,8:31 AM
251,25,www.newdle.rhodes.edu,www.newdle.rhodes.edu,MWF,8:58 AM,8:03 AM
479,59,www.newdle.rhodes.edu,www.newdle.rhodes.edu,MWF,9:08 AM,4:47 PM
25,78,www.newdle.rhodes.edu,www.newdle.rhodes.edu,TR,4:15 PM,10:50 AM
182,19,www.newdle.rhodes.edu,www.newdle.rhodes.edu,MWF,12:46 PM,9:54 AM
393,91,www.newdle.rhodes.edu,www.newdle.rhodes.edu,MWF,12:57 PM,11:02 AM
267,83,www.newdle.rhodes.edu,www.newdle.rhodes.edu,TR,10:19 AM,10:11 AM
465,9,www.newdle.rhodes.edu,www.newdle.rhodes.edu,MWF,8:34 AM,1:08 PM
406,98,www.newdle.rhodes.edu,www.newdle.rhodes.edu,TR,11:38 AM,11:06 AM
383,41,www.newdle.rhodes.edu,www.newdle.rhodes.edu,TR,3:39 PM,1:11 PM
435,27,www.newdle.rhodes.edu,www.newdle.rhodes.edu,TR,9:06 AM,9:46 AM
260,33,www.newdle.rhodes.edu,www.newdle.rhodes.edu,TR,8:27 AM,2:27 PM
411,98,www.newdle.rhodes.edu,www.newdle.rhodes.edu,TR,1:32 PM,8:14 AM
68,68,www.newdle.rhodes.edu,www.newdle.rhodes.edu,TR,10:18 AM,2:00 PM
157,100,www.newdle.rhodes.edu,www.newdle.rhodes.edu,TR,10:01 AM,9:25 AM
435,74,www.newdle.rhodes.edu,www.newdle.rhodes.edu,TR,4:28 PM,11:48 AM
156,97,www.newdle.rhodes.edu,www.newdle.rhodes.edu,TR,1:56 PM,1:52 PM
13,33,www.newdle.rhodes.edu,www.newdle.rhodes.edu,TR,8:01 AM,9:45 AM
552,23,www.newdle.rhodes.edu,www.newdle.rhodes.edu,MWF,3:39 PM,10:31 AM
549,87,www.newdle.rhodes.edu,www.newdle.rhodes.edu,MWF,8:09 AM,10:40 AM
606,12,www.newdle.rhodes.edu,www.newdle.rhodes.edu,TR,9:30 AM,9:51 AM
413,4,www.newdle.rhodes.edu,www.newdle.rhodes.edu,TR,4:18 PM,8:11 AM
9,49,www.newdle.rhodes.edu,www.newdle.rhodes.edu,MWF,9:31 AM,2:02 PM
505,94,www.newdle.rhodes.edu,www.newdle.rhodes.edu,MWF,10:45 AM,12:15 PM
563,53,www.newdle.rhodes.edu,www.newdle.rhodes.edu,MWF,10:29 AM,11:19 AM
682,88,www.newdle.rhodes.edu,www.newdle.rhodes.edu,MWF,1:40 PM,3:15 PM
674,79,www.newdle.rhodes.edu,www.newdle.rhodes.edu,MWF,9:51 AM,9:13 AM
203,62,www.newdle.rhodes.edu,www.newdle.rhodes.edu,MWF,10:30 AM,4:34 PM
504,24,www.newdle.rhodes.edu,www.newdle.rhodes.edu,TR,12:14 PM,2:13 PM
538,74,www.newdle.rhodes.edu,www.newdle.rhodes.edu,TR,2:23 PM,11:51 AM
96,76,www.newdle.rhodes.edu,www.newdle.rhodes.edu,TR,11:21 AM,12:38 PM
685,30,www.newdle.rhodes.edu,www.newdle.rhodes.edu,MWF,8:21 AM,10:32 AM
642,42,www.newdle.rhodes.edu,www.newdle.rhodes.edu,TR,12:20 PM,3:16 PM
495,37,www.newdle.rhodes.edu,www.newdle.rhodes.edu,MWF,2:42 PM,2:47 PM
670,95,www.newdle.rhodes.edu,www.newdle.rhodes.edu,MWF,11:24 AM,8:39 AM
409,14,www.newdle.rhodes.edu,www.newdle.rhodes.edu,TR,1:01 PM,11:24 AM
411,77,www.newdle.rhodes.edu,www.newdle.rhodes.edu,TR,2:07 PM,1:33 PM
244,58,www.newdle.rhodes.edu,www.newdle.rhodes.edu,MWF,3:01 PM,12:07 PM
342,91,www.newdle.rhodes.edu,www.newdle.rhodes.edu,TR,1:06 PM,11:31 AM
652,16,www.newdle.rhodes.edu,www.newdle.rhodes.edu,MWF,11:28 AM,4:55 PM
597,14,www.newdle.rhodes.edu,www.newdle.rhodes.edu,MWF,2:46 PM,4:00 PM
477,95,www.newdle.rhodes.edu,www.newdle.rhodes.edu,MWF,11:24 AM,10:02 AM
462,4,www.newdle.rhodes.edu,www.newdle.rhodes.edu,MWF,11:29 AM,12:25 PM
473,29,www.newdle.rhodes.edu,www.newdle.rhodes.edu,MWF,4:24 PM,4:32 PM
86,91,www.newdle.rhodes.edu,www.newdle.rhodes.edu,MWF,8:11 AM,11:51 AM
415,22,www.newdle.rhodes.edu,www.newdle.rhodes.edu,TR,8:29 AM,8:02 AM
662,78,www.newdle.rhodes.edu,www.newdle.rhodes.edu,MWF,2:43 PM,10:33 AM
424,94,www.newdle.rhodes.edu,www.newdle.rhodes.edu,TR,3:58 PM,3:10 PM
456,81,www.newdle.rhodes.edu,www.newdle.rhodes.edu,MWF,4:17 PM,10:12 AM
52,83,www.newdle.rhodes.edu,www.newdle.rhodes.edu,MWF,9:17 AM,12:59 PM
381,85,www.newdle.rhodes.edu,www.newdle.rhodes.edu,MWF,4:32 PM,2:49 PM
659,78,www.newdle.rhodes.edu,www.newdle.rhodes.edu,MWF,8:33 AM,3:18 PM
201,64,www.newdle.rhodes.edu,www.newdle.rhodes.edu,MWF,1:17 PM,12:12 PM
272,65,www.newdle.rhodes.edu,www.newdle.rhodes.edu,MWF,11:10 AM,9:27 AM
454,96,www.newdle.rhodes.edu,www.newdle.rhodes.edu,MWF,1:53 PM,11:39 AM
440,12,www.newdle.rhodes.edu,www.newdle.rhodes.edu,TR,4:01 PM,2:18 PM
56,5,www.newdle.rhodes.edu,www.newdle.rhodes.edu,TR,3:53 PM,1:20 PM
259,78,www.newdle.rhodes.edu,www.newdle.rhodes.edu,MWF,8:50 AM,11:33 AM
281,53,www.newdle.rhodes.edu,www.newdle.rhodes.edu,TR,4:34 PM,8:05 AM
399,43,www.newdle.rhodes.edu,www.newdle.rhodes.edu,MWF,2:27 PM,2:28 PM
453,81,www.newdle.rhodes.edu,www.newdle.rhodes.edu,TR,2:08 PM,4:47 PM
504,80,www.newdle.rhodes.edu,www.newdle.rhodes.edu,MWF,11:18 AM,1:08 PM
659,4,www.newdle.rhodes.edu,www.newdle.rhodes.edu,MWF,11:28 AM,10:26 AM
282,82,www.newdle.rhodes.edu,www.newdle.rhodes.edu,TR,11:01 AM,1:26 PM
66,70,www.newdle.rhodes.edu,www.newdle.rhodes.edu,TR,9:12 AM,1:39 PM
487,78,www.newdle.rhodes.edu,www.newdle.rhodes.edu,TR,2:58 PM,4:11 PM
561,15,www.newdle.rhodes.edu,www.newdle.rhodes.edu,TR,9:21 AM,11:38 AM
114,15,www.newdle.rhodes.edu,www.newdle.rhodes.edu,MWF,4:32 PM,8:58 AM
51,53,www.newdle.rhodes.edu,www.newdle.rhodes.edu,TR,8:49 AM,3:56 PM
234,40,www.newdle.rhodes.edu,www.newdle.rhodes.edu,TR,3:28 PM,4:41 PM
35,29,www.newdle.rhodes.edu,www.newdle.rhodes.edu,MWF,2:24 PM,9:31 AM
417,32,www.newdle.rhodes.edu,www.newdle.rhodes.edu,MWF,8:36 AM,2:05 PM
674,92,www.newdle.rhodes.edu,www.newdle.rhodes.edu,MWF,1:51 PM,3:05 PM
636,52,www.newdle.rhodes.edu,www.newdle.rhodes.edu,TR,8:01 AM,4:45 PM
33,92,www.newdle.rhodes.edu,www.newdle.rhodes.edu,TR,11:56 AM,9:17 AM
146,12,www.newdle.rhodes.edu,www.newdle.rhodes.edu,MWF,3:08 PM,3:32 PM
650,79,www.newdle.rhodes.edu,www.newdle.rhodes.edu,MWF,3:54 PM,11:25 AM
399,63,www.newdle.rhodes.edu,www.newdle.rhodes.edu,MWF,12:34 PM,12:07 PM
194,15,www.newdle.rhodes.edu,www.newdle.rhodes.edu,MWF,1:05 PM,1:00 PM
244,50,www.newdle.rhodes.edu,www.newdle.rhodes.edu,MWF,10:49 AM,1:25 PM
478,57,www.newdle.rhodes.edu,www.newdle.rhodes.edu,MWF,1:58 PM,4:12 PM
284,37,www.newdle.rhodes.edu,www.newdle.rhodes.edu,MWF,9:49 AM,3:56 PM
380,37,www.newdle.rhodes.edu,www.newdle.rhodes.edu,MWF,2:18 PM,9:48 AM
370,46,www.newdle.rhodes.edu,www.newdle.rhodes.edu,TR,10:35 AM,9:41 AM
213,95,www.newdle.rhodes.edu,www.newdle.rhodes.edu,MWF,10:41 AM,2:22 PM
187,46,www.newdle.rhodes.edu,www.newdle.rhodes.edu,MWF,12:33 PM,11:27 AM
123,79,www.newdle.rhodes.edu,www.newdle.rhodes.edu,MWF,2:30 PM,9:42 AM
63,19,www.newdle.rhodes.edu,www.newdle.rhodes.edu,TR,4:31 PM,8:04 AM
335,1,www.newdle.rhodes.edu,www.newdle.rhodes.edu,TR,10:15 AM,2:25 PM
425,8,www.newdle.rhodes.edu,www.newdle.rhodes.edu,TR,3:05 PM,1:49 PM
75,39,www.newdle.rhodes.edu,www.newdle.rhodes.edu,TR,3:41 PM,1:36 PM
380,65,www.newdle.rhodes.edu,www.newdle.rhodes.edu,TR,12:47 PM,1:31 PM
44,9,www.newdle.rhodes.edu,www.newdle.rhodes.edu,MWF,3:05 PM,4:24 PM
189,90,www.newdle.rhodes.edu,www.newdle.rhodes.edu,TR,12:41 PM,4:44 PM
430,54,www.newdle.rhodes.edu,www.newdle.rhodes.edu,MWF,3:53 PM,4:18 PM
548,18,www.newdle.rhodes.edu,www.newdle.rhodes.edu,TR,9:20 AM,9:09 AM
84,35,www.newdle.rhodes.edu,www.newdle.rhodes.edu,MWF,4:49 PM,3:08 PM
155,12,www.newdle.rhodes.edu,www.newdle.rhodes.edu,TR,12:15 PM,12:53 PM
525,36,www.newdle.rhodes.edu,www.newdle.rhodes.edu,MWF,1:30 PM,11:57 AM
620,81,www.newdle.rhodes.edu,www.newdle.rhodes.edu,TR,4:07 PM,12:28 PM
641,21,www.newdle.rhodes.edu,www.newdle.rhodes.edu,MWF,12:18 PM,4:14 PM
472,59,www.newdle.rhodes.edu,www.newdle.rhodes.edu,MWF,12:28 PM,11:45 AM
437,70,www.newdle.rhodes.edu,www.newdle.rhodes.edu,TR,2:28 PM,2:28 PM
105,93,www.newdle.rhodes.edu,www.newdle.rhodes.edu,TR,9:17 AM,4:14 PM
424,42,www.newdle.rhodes.edu,www.newdle.rhodes.edu,MWF,3:24 PM,10:31 AM
544,44,www.newdle.rhodes.edu,www.newdle.rhodes.edu,TR,3:23 PM,2:47 PM
174,42,www.newdle.rhodes.edu,www.newdle.rhodes.edu,TR,11:34 AM,9:51 AM
228,94,www.newdle.rhodes.edu,www.newdle.rhodes.edu,TR,9:06 AM,12:04 PM
427,56,www.newdle.rhodes.edu,www.newdle.rhodes.edu,MWF,2:41 PM,4:56 PM
552,15,www.newdle.rhodes.edu,www.newdle.rhodes.edu,MWF,10:27 AM,3:02 PM
149,72,www.newdle.rhodes.edu,www.newdle.rhodes.edu,TR,1:06 PM,9:02 AM
83,97,www.newdle.rhodes.edu,www.newdle.rhodes.edu,MWF,11:17 AM,4:22 PM
517,46,www.newdle.rhodes.edu,www.newdle.rhodes.edu,MWF,3:39 PM,1:14 PM
375,48,www.newdle.rhodes.edu,www.newdle.rhodes.edu,TR,8:16 AM,11:39 AM
569,70,www.newdle.rhodes.edu,www.newdle.rhodes.edu,MWF,1:49 PM,2:39 PM
226,50,www.newdle.rhodes.edu,www.newdle.rhodes.edu,MWF,4:36 PM,4:26 PM
275,39,www.newdle.rhodes.edu,www.newdle.rhodes.edu,MWF,2:31 PM,8:59 AM
141,50,www.newdle.rhodes.edu,www.newdle.rhodes.edu,MWF,12:54 PM,9:09 AM
648,45,www.newdle.rhodes.edu,www.newdle.rhodes.edu,MWF,3:43 PM,3:57 PM
563,64,www.newdle.rhodes.edu,www.newdle.rhodes.edu,MWF,11:32 AM,2:07 PM
51,6,www.newdle.rhodes.edu,www.newdle.rhodes.edu,TR,1:24 PM,3:43 PM
36,31,www.newdle.rhodes.edu,www.newdle.rhodes.edu,MWF,3:21 PM,9:01 AM
171,46,www.newdle.rhodes.edu,www.newdle.rhodes.edu,MWF,10:16 AM,3:51 PM
622,98,www.newdle.rhodes.edu,www.newdle.rhodes.edu,MWF,10:31 AM,11:14 AM
315,37,www.newdle.rhodes.edu,www.newdle.rhodes.edu,MWF,10:49 AM,3:50 PM
634,92,www.newdle.rhodes.edu,www.newdle.rhodes.edu,MWF,8:47 AM,8:33 AM
88,3,www.newdle.rhodes.edu,www.newdle.rhodes.edu,MWF,12:47 PM,3:13 PM
673,27,www.newdle.rhodes.edu,www.newdle.rhodes.edu,MWF,11:15 AM,3:40 PM
357,38,www.newdle.rhodes.edu,www.newdle.rhodes.edu,MWF,4:18 PM,8:36 AM
490,26,www.newdle.rhodes.edu,www.newdle.rhodes.edu,TR,9:45 AM,10:28 AM
426,58,www.newdle.rhodes.edu,www.newdle.rhodes.edu,TR,4:46 PM,12:16 PM
681,35,www.newdle.rhodes.edu,www.newdle.rhodes.edu,TR,9:29 AM,3:06 PM
687,98,www.newdle.rhodes.edu,www.newdle.rhodes.edu,TR,12:17 PM,10:28 AM
7,76,www.newdle.rhodes.edu,www.newdle.rhodes.edu,TR,12:03 PM,12:17 PM
542,68,www.newdle.rhodes.edu,www.newdle.rhodes.edu,TR,12:56 PM,4:42 PM
599,82,www.newdle.rhodes.edu,www.newdle.rhodes.edu,MWF,8:04 AM,1:30 PM
83,1,www.newdle.rhodes.edu,www.newdle.rhodes.edu,MWF,9:31 AM,12:45 PM
287,53,www.newdle.rhodes.edu,www.newdle.rhodes.edu,MWF,11:55 AM,1:57 PM
122,6,www.newdle.rhodes.edu,www.newdle.rhodes.edu,MWF,3:41 PM,10:00 AM
212,28,www.newdle.rhodes.edu,www.newdle.rhodes.edu,TR,9:34 AM,8:36 AM
201,47,www.newdle.rhodes.edu,www.newdle.rhodes.edu,TR,4:56 PM,4:11 PM
602,9,www.newdle.rhodes.edu,www.newdle.rhodes.edu,TR,11:11 AM,3:40 PM
133,41,www.newdle.rhodes.edu,www.newdle.rhodes.edu,MWF,10:13 AM,4:37 PM
203,86,www.newdle.rhodes.edu,www.newdle.rhodes.edu,MWF,8:00 AM,8:49 AM
392,53,www.newdle.rhodes.edu,www.newdle.rhodes.edu,MWF,8:33 AM,12:50 PM
660,83,www.newdle.rhodes.edu,www.newdle.rhodes.edu,TR,8:57 AM,3:43 PM
193,52,www.newdle.rhodes.edu,www.newdle.rhodes.edu,MWF,10:18 AM,8:42 AM
355,58,www.newdle.rhodes.edu,www.newdle.rhodes.edu,MWF,10:54 AM,12:35 PM
205,32,www.newdle.rhodes.edu,www.newdle.rhodes.edu,TR,3:54 PM,10:54 AM
669,2,www.newdle.rhodes.edu,www.newdle.rhodes.edu,MWF,10:44 AM,3:45 PM
78,66,www.newdle.rhodes.edu,www.newdle.rhodes.edu,MWF,4:45 PM,1:23 PM
19,93,www.newdle.rhodes.edu,www.newdle.rhodes.edu,TR,9:18 AM,9:46 AM
389,2,www.newdle.rhodes.edu,www.newdle.rhodes.edu,MWF,11:57 AM,2:23 PM
696,29,www.newdle.rhodes.edu,www.newdle.rhodes.edu,MWF,12:16 PM,8:34 AM
605,100,www.newdle.rhodes.edu,www.newdle.rhodes.edu,MWF,10:04 AM,11:17 AM
372,40,www.newdle.rhodes.edu,www.newdle.rhodes.edu,TR,11:16 AM,3:25 PM
64,33,www.newdle.rhodes.edu,www.newdle.rhodes.edu,TR,10:13 AM,4:24 PM
592,100,www.newdle.rhodes.edu,www.newdle.rhodes.edu,TR,3:56 PM,1:09 PM
182,79,www.newdle.rhodes.edu,www.newdle.rhodes.edu,MWF,2:39 PM,1:57 PM
459,23,www.newdle.rhodes.edu,www.newdle.rhodes.edu,MWF,12:21 PM,4:55 PM
320,76,www.newdle.rhodes.edu,www.newdle.rhodes.edu,TR,4:42 PM,12:49 PM
630,19,www.newdle.rhodes.edu,www.newdle.rhodes.edu,TR,11:00 AM,8:02 AM
12,37,www.newdle.rhodes.edu,www.newdle.rhodes.edu,TR,1:47 PM,2:40 PM
310,68,www.newdle.rhodes.edu,www.newdle.rhodes.edu,TR,12:06 PM,2:38 PM
376,6,www.newdle.rhodes.edu,www.newdle.rhodes.edu,MWF,9:25 AM,12:54 PM
281,63,www.newdle.rhodes.edu,www.newdle.rhodes.edu,TR,2:44 PM,12:03 PM
340,68,www.newdle.rhodes.edu,www.newdle.rhodes.edu,MWF,4:33 PM,8:14 AM
468,59,www.newdle.rhodes.edu,www.newdle.rhodes.edu,TR,10:25 AM,2:46 PM
434,64,www.newdle.rhodes.edu,www.newdle.rhodes.edu,MWF,9:28 AM,3:13 PM
43,76,www.newdle.rhodes.edu,www.newdle.rhodes.edu,MWF,12:57 PM,4:42 PM
218,28,www.newdle.rhodes.edu,www.newdle.rhodes.edu,MWF,4:20 PM,8:54 AM
416,36,www.newdle.rhodes.edu,www.newdle.rhodes.edu,TR,9:56 AM,9:44 AM
440,13,www.newdle.rhodes.edu,www.newdle.rhodes.edu,TR,11:26 AM,8:44 AM
450,43,www.newdle.rhodes.edu,www.newdle.rhodes.edu,TR,11:32 AM,10:14 AM
176,71,www.newdle.rhodes.edu,www.newdle.rhodes.edu,TR,3:13 PM,9:30 AM
104,77,www.newdle.rhodes.edu,www.newdle.rhodes.edu,TR,1:11 PM,9:12 AM
657,13,www.newdle.rhodes.edu,www.newdle.rhodes.edu,TR,1:36 PM,9:43 AM
600,80,www.newdle.rhodes.edu,www.newdle.rhodes.edu,MWF,1:44 PM,3:59 PM
453,49,www.newdle.rhodes.edu,www.newdle.rhodes.edu,TR,10:10 AM,11:39 AM
48,84,www.newdle.rhodes.edu,www.newdle.rhodes.edu,MWF,4:39 PM,1:49 PM
391,77,www.newdle.rhodes.edu,www.newdle.rhodes.edu,MWF,2:09 PM,11:50 AM
450,36,www.newdle.rhodes.edu,www.newdle.rhodes.edu,MWF,12:53 PM,2:38 PM
585,98,www.newdle.rhodes.edu,www.newdle.rhodes.edu,TR,11:01 AM,9:02 AM
41,100,www.newdle.rhodes.edu,www.newdle.rhodes.edu,TR,4:10 PM,3:42 PM
30,38,www.newdle.rhodes.edu,www.newdle.rhodes.edu,TR,4:49 PM,3:58 PM
275,44,www.newdle.rhodes.edu,www.newdle.rhodes.edu,MWF,4:08 PM,9:45 AM
643,32,www.newdle.rhodes.edu,www.newdle.rhodes.edu,TR,9:16 AM,10:06 AM
637,88,www.newdle.rhodes.edu,www.newdle.rhodes.edu,MWF,11:31 AM,4:14 PM
109,15,www.newdle.rhodes.edu,www.newdle.rhodes.edu,MWF,12:48 PM,12:50 PM
25,81,www.newdle.rhodes.edu,www.newdle.rhodes.edu,TR,12:51 PM,8:07 AM
281,47,www.newdle.rhodes.edu,www.newdle.rhodes.edu,MWF,11:00 AM,4:02 PM
73,2,www.newdle.rhodes.edu,www.newdle.rhodes.edu,TR,9:22 AM,10:37 AM
358,46,www.newdle.rhodes.edu,www.newdle.rhodes.edu,MWF,10:29 AM,2:46 PM
170,5,www.newdle.rhodes.edu,www.newdle.rhodes.edu,MWF,11:43 AM,1:06 PM
608,87,www.newdle.rhodes.edu,www.newdle.rhodes.edu,MWF,12:00 PM,4:32 PM
121,10,www.newdle.rhodes.edu,www.newdle.rhodes.edu,MWF,10:54 AM,12:39 PM
115,58,www.newdle.rhodes.edu,www.newdle.rhodes.edu,TR,2:39 PM,10:09 AM
505,3,www.newdle.rhodes.edu,www.newdle.rhodes.edu,MWF,4:28 PM,2:13 PM
689,32,www.newdle.rhodes.edu,www.newdle.rhodes.edu,TR,3:24 PM,3:19 PM
570,75,www.newdle.rhodes.edu,www.newdle.rhodes.edu,MWF,1:01 PM,2:05 PM
484,42,www.newdle.rhodes.edu,www.newdle.rhodes.edu,TR,8:57 AM,12:38 PM
301,77,www.newdle.rhodes.edu,www.newdle.rhodes.edu,MWF,4:05 PM,12:56 PM
333,52,www.newdle.rhodes.edu,www.newdle.rhodes.edu,TR,2:17 PM,1:55 PM
490,8,www.newdle.rhodes.edu,www.newdle.rhodes.edu,MWF,11:21 AM,11:49 AM
42,51,www.newdle.rhodes.edu,www.newdle.rhodes.edu,MWF,3:37 PM,4:28 PM
640,90,www.newdle.rhodes.edu,www.newdle.rhodes.edu,MWF,11:14 AM,8:03 AM
103,36,www.newdle.rhodes.edu,www.newdle.rhodes.edu,MWF,12:59 PM,12:00 PM
517,11,www.newdle.rhodes.edu,www.newdle.rhodes.edu,TR,12:27 PM,2:27 PM
130,29,www.newdle.rhodes.edu,www.newdle.rhodes.edu,MWF,1:40 PM,12:52 PM
389,9,www.newdle.rhodes.edu,www.newdle.rhodes.edu,TR,2:23 PM,12:45 PM
690,37,www.newdle.rhodes.edu,www.newdle.rhodes.edu,TR,12:06 PM,2:40 PM
361,32,www.newdle.rhodes.edu,www.newdle.rhodes.edu,MWF,12:25 PM,2:13 PM
114,34,www.newdle.rhodes.edu,www.newdle.rhodes.edu,MWF,12:28 PM,8:58 AM
184,83,www.newdle.rhodes.edu,www.newdle.rhodes.edu,TR,4:04 PM,11:59 AM
483,99,www.newdle.rhodes.edu,www.newdle.rhodes.edu,TR,4:01 PM,4:20 PM
570,66,www.newdle.rhodes.edu,www.newdle.rhodes.edu,MWF,12:05 PM,12:56 PM
586,97,www.newdle.rhodes.edu,www.newdle.rhodes.edu,TR,9:48 AM,8:30 AM
127,17,www.newdle.rhodes.edu,www.newdle.rhodes.edu,TR,10:33 AM,3:30 PM
379,27,www.newdle.rhodes.edu,www.newdle.rhodes.edu,MWF,3:09 PM,9:36 AM
673,38,www.newdle.rhodes.edu,www.newdle.rhodes.edu,TR,12:32 PM,1:35 PM
291,52,www.newdle.rhodes.edu,www.newdle.rhodes.edu,MWF,3:42 PM,2:17 PM
563,34,www.newdle.rhodes.edu,www.newdle.rhodes.edu,TR,4:36 PM,8:32 AM
122,23,www.newdle.rhodes.edu,www.newdle.rhodes.edu,TR,4:48 PM,4:07 PM
14,93,www.newdle.rhodes.edu,www.newdle.rhodes.edu,MWF,3:27 PM,11:22 AM
322,52,www.newdle.rhodes.edu,www.newdle.rhodes.edu,TR,3:25 PM,8:38 AM
390,66,www.newdle.rhodes.edu,www.newdle.rhodes.edu,TR,10:44 AM,2:03 PM
552,82,www.newdle.rhodes.edu,www.newdle.rhodes.edu,MWF,3:43 PM,12:05 PM
68,58,www.newdle.rhodes.edu,www.newdle.rhodes.edu,TR,12:01 PM,3:26 PM
237,97,www.newdle.rhodes.edu,www.newdle.rhodes.edu,TR,8:26 AM,3:36 PM
160,74,www.newdle.rhodes.edu,www.newdle.rhodes.edu,TR,8:20 AM,3:42 PM
89,79,www.newdle.rhodes.edu,www.newdle.rhodes.edu,TR,4:39 PM,8:12 AM
559,29,www.newdle.rhodes.edu,www.newdle.rhodes.edu,MWF,3:39 PM,8:10 AM
685,96,www.newdle.rhodes.edu,www.newdle.rhodes.edu,TR,9:32 AM,8:18 AM
56,30,www.newdle.rhodes.edu,www.newdle.rhodes.edu,MWF,9:09 AM,8:26 AM
377,49,www.newdle.rhodes.edu,www.newdle.rhodes.edu,TR,10:51 AM,4:39 PM
57,49,www.newdle.rhodes.edu,www.newdle.rhodes.edu,TR,3:28 PM,10:44 AM
574,69,www.newdle.rhodes.edu,www.newdle.rhodes.edu,MWF,9:30 AM,3:08 PM
388,76,www.newdle.rhodes.edu,www.newdle.rhodes.edu,MWF,12:46 PM,4:47 PM
96,29,www.newdle.rhodes.edu,www.newdle.rhodes.edu,TR,8:53 AM,11:07 AM
441,50,www.newdle.rhodes.edu,www.newdle.rhodes.edu,TR,8:20 AM,2:26 PM
345,3,www.newdle.rhodes.edu,www.newdle.rhodes.edu,MWF,11:10 AM,1:26 PM
478,65,www.newdle.rhodes.edu,www.newdle.rhodes.edu,TR,4:00 PM,11:42 AM
522,54,www.newdle.rhodes.edu,www.newdle.rhodes.edu,MWF,1:31 PM,10:50 AM
456,88,www.newdle.rhodes.edu,www.newdle.rhodes.edu,TR,9:39 AM,12:53 PM
636,47,www.newdle.rhodes.edu,www.newdle.rhodes.edu,TR,12:28 PM,4:17 PM
93,5,www.newdle.rhodes.edu,www.newdle.rhodes.edu,TR,4:27 PM,12:54 PM
246,95,www.newdle.rhodes.edu,www.newdle.rhodes.edu,TR,11:17 AM,11:38 AM
375,37,www.newdle.rhodes.edu,www.newdle.rhodes.edu,TR,4:07 PM,3:44 PM
477,22,www.newdle.rhodes.edu,www.newdle.rhodes.edu,MWF,3:38 PM,3:33 PM
483,83,www.newdle.rhodes.edu,www.newdle.rhodes.edu,TR,1:59 PM,2:37 PM
177,58,www.newdle.rhodes.edu,www.newdle.rhodes.edu,MWF,12:41 PM,4:31 PM
693,71,www.newdle.rhodes.edu,www.newdle.rhodes.edu,MWF,9:30 AM,10:59 AM
435,56,www.newdle.rhodes.edu,www.newdle.rhodes.edu,TR,12:16 PM,3:04 PM
431,81,www.newdle.rhodes.edu,www.newdle.rhodes.edu,TR,9:46 AM,2:51 PM
225,51,www.newdle.rhodes.edu,www.newdle.rhodes.edu,TR,2:43 PM,2:12 PM
229,31,www.newdle.rhodes.edu,www.newdle.rhodes.edu,TR,2:09 PM,2:42 PM
418,61,www.newdle.rhodes.edu,www.newdle.rhodes.edu,TR,3:34 PM,8:52 AM
657,24,www.newdle.rhodes.edu,www.newdle.rhodes.edu,TR,8:50 AM,11:36 AM
300,77,www.newdle.rhodes.edu,www.newdle.rhodes.edu,MWF,4:29 PM,12:44 PM
52,52,www.newdle.rhodes.edu,www.newdle.rhodes.edu,MWF,8:53 AM,1:27 PM
278,63,www.newdle.rhodes.edu,www.newdle.rhodes.edu,TR,2:23 PM,3:28 PM
119,33,www.newdle.rhodes.edu,www.newdle.rhodes.edu,TR,2:49 PM,11:23 AM
36,72,www.newdle.rhodes.edu,www.newdle.rhodes.edu,MWF,8:32 AM,8:08 AM
488,65,www.newdle.rhodes.edu,www.newdle.rhodes.edu,TR,2:11 PM,11:08 AM
289,77,www.newdle.rhodes.edu,www.newdle.rhodes.edu,TR,1:14 PM,10:58 AM
268,93,www.newdle.rhodes.edu,www.newdle.rhodes.edu,TR,9:12 AM,4:15 PM
232,21,www.newdle.rhodes.edu,www.newdle.rhodes.edu,TR,12:10 PM,2:22 PM
54,90,www.newdle.rhodes.edu,www.newdle.rhodes.edu,MWF,1:56 PM,10:56 AM
158,62,www.newdle.rhodes.edu,www.newdle.rhodes.edu,TR,3:49 PM,11:45 AM
680,79,www.newdle.rhodes.edu,www.newdle.rhodes.edu,TR,10:45 AM,11:33 AM
174,34,www.newdle.rhodes.edu,www.newdle.rhodes.edu,TR,10:33 AM,1:25 PM
112,89,www.newdle.rhodes.edu,www.newdle.rhodes.edu,MWF,4:06 PM,8:32 AM
250,59,www.newdle.rhodes.edu,www.newdle.rhodes.edu,MWF,2:28 PM,8:27 AM
607,61,www.newdle.rhodes.edu,www.newdle.rhodes.edu,TR,2:14 PM,10:45 AM
515,10,www.newdle.rhodes.edu,www.newdle.rhodes.edu,MWF,3:53 PM,8:12 AM
667,3,www.newdle.rhodes.edu,www.newdle.rhodes.edu,MWF,8:52 AM,8:23 AM
106,61,www.newdle.rhodes.edu,www.newdle.rhodes.edu,MWF,12:59 PM,1:33 PM
66,13,www.newdle.rhodes.edu,www.newdle.rhodes.edu,TR,9:12 AM,12:45 PM
215,29,www.newdle.rhodes.edu,www.newdle.rhodes.edu,TR,12:36 PM,10:03 AM
147,66,www.newdle.rhodes.edu,www.newdle.rhodes.edu,MWF,12:20 PM,9:44 AM
584,18,www.newdle.rhodes.edu,www.newdle.rhodes.edu,TR,11:40 AM,4:11 PM
481,29,www.newdle.rhodes.edu,www.newdle.rhodes.edu,MWF,3:40 PM,3:31 PM
675,83,www.newdle.rhodes.edu,www.newdle.rhodes.edu,TR,3:50 PM,3:26 PM
247,98,www.newdle.rhodes.edu,www.newdle.rhodes.edu,TR,1:54 PM,11:54 AM
255,14,www.newdle.rhodes.edu,www.newdle.rhodes.edu,TR,2:57 PM,11:00 AM
482,82,www.newdle.rhodes.edu,www.newdle.rhodes.edu,MWF,3:59 PM,9:55 AM
262,26,www.newdle.rhodes.edu,www.newdle.rhodes.edu,MWF,1:24 PM,3:03 PM
267,61,www.newdle.rhodes.edu,www.newdle.rhodes.edu,TR,9:56 AM,9:36 AM
403,63,www.newdle.rhodes.edu,www.newdle.rhodes.edu,MWF,9:36 AM,9:21 AM
243,3,www.newdle.rhodes.edu,www.newdle.rhodes.edu,TR,11:03 AM,1:32 PM
672,70,www.newdle.rhodes.edu,www.newdle.rhodes.edu,MWF,4:41 PM,12:48 PM
366,31,www.newdle.rhodes.edu,www.newdle.rhodes.edu,MWF,9:25 AM,3:36 PM
124,76,www.newdle.rhodes.edu,www.newdle.rhodes.edu,MWF,4:26 PM,3:49 PM
304,26,www.newdle.rhodes.edu,www.newdle.rhodes.edu,MWF,3:21 PM,9:08 AM
1,86,www.newdle.rhodes.edu,www.newdle.rhodes.edu,TR,8:58 AM,3:29 PM
574,90,www.newdle.rhodes.edu,www.newdle.rhodes.edu,TR,9:06 AM,1:07 PM
196,57,www.newdle.rhodes.edu,www.newdle.rhodes.edu,TR,3:49 PM,12:26 PM
462,64,www.newdle.rhodes.edu,www.newdle.rhodes.edu,TR,4:11 PM,9:27 AM
317,69,www.newdle.rhodes.edu,www.newdle.rhodes.edu,TR,11:57 AM,10:34 AM
27,11,www.newdle.rhodes.edu,www.newdle.rhodes.edu,TR,1:36 PM,4:18 PM
168,43,www.newdle.rhodes.edu,www.newdle.rhodes.edu,TR,3:43 PM,2:50 PM
71,66,www.newdle.rhodes.edu,www.newdle.rhodes.edu,MWF,11:32 AM,3:25 PM
145,49,www.newdle.rhodes.edu,www.newdle.rhodes.edu,MWF,8:06 AM,10:32 AM
628,95,www.newdle.rhodes.edu,www.newdle.rhodes.edu,TR,12:12 PM,4:43 PM
205,81,www.newdle.rhodes.edu,www.newdle.rhodes.edu,TR,3:00 PM,2:33 PM
553,89,www.newdle.rhodes.edu,www.newdle.rhodes.edu,MWF,3:47 PM,8:03 AM
585,22,www.newdle.rhodes.edu,www.newdle.rhodes.edu,MWF,8:08 AM,1:27 PM
219,9,www.newdle.rhodes.edu,www.newdle.rhodes.edu,MWF,4:17 PM,2:16 PM
596,76,www.newdle.rhodes.edu,www.newdle.rhodes.edu,MWF,4:38 PM,11:11 AM
435,88,www.newdle.rhodes.edu,www.newdle.rhodes.edu,MWF,4:12 PM,2:09 PM
132,5,www.newdle.rhodes.edu,www.newdle.rhodes.edu,TR,9:28 AM,2:33 PM
169,61,www.newdle.rhodes.edu,www.newdle.rhodes.edu,MWF,2:06 PM,4:36 PM
296,69,www.newdle.rhodes.edu,www.newdle.rhodes.edu,TR,8:04 AM,4:44 PM
600,51,www.newdle.rhodes.edu,www.newdle.rhodes.edu,TR,10:39 AM,2:14 PM
514,21,www.newdle.rhodes.edu,www.newdle.rhodes.edu,MWF,12:34 PM,1:52 PM
143,48,www.newdle.rhodes.edu,www.newdle.rhodes.edu,MWF,10:32 AM,1:29 PM
429,93,www.newdle.rhodes.edu,www.newdle.rhodes.edu,MWF,11:26 AM,9:22 AM
585,12,www.newdle.rhodes.edu,www.newdle.rhodes.edu,MWF,4:45 PM,4:03 PM
590,80,www.newdle.rhodes.edu,www.newdle.rhodes.edu,MWF,1:57 PM,9:44 AM
640,95,www.newdle.rhodes.edu,www.newdle.rhodes.edu,MWF,9:06 AM,3:12 PM
623,3,www.newdle.rhodes.edu,www.newdle.rhodes.edu,MWF,10:08 AM,1:46 PM
255,41,www.newdle.rhodes.edu,www.newdle.rhodes.edu,TR,8:10 AM,2:44 PM
512,49,www.newdle.rhodes.edu,www.newdle.rhodes.edu,TR,8:07 AM,11:40 AM
56,43,www.newdle.rhodes.edu,www.newdle.rhodes.edu,MWF,4:26 PM,11:23 AM
376,64,www.newdle.rhodes.edu,www.newdle.rhodes.edu,TR,11:30 AM,4:12 PM
505,53,www.newdle.rhodes.edu,www.newdle.rhodes.edu,MWF,12:51 PM,12:26 PM
184,29,www.newdle.rhodes.edu,www.newdle.rhodes.edu,TR,12:06 PM,8:16 AM
434,46,www.newdle.rhodes.edu,www.newdle.rhodes.edu,MWF,2:26 PM,3:20 PM
424,75,www.newdle.rhodes.edu,www.newdle.rhodes.edu,MWF,10:29 AM,4:52 PM
187,64,www.newdle.rhodes.edu,www.newdle.rhodes.edu,MWF,3:54 PM,3:55 PM
553,14,www.newdle.rhodes.edu,www.newdle.rhodes.edu,MWF,11:44 AM,2:44 PM
405,7,www.newdle.rhodes.edu,www.newdle.rhodes.edu,MWF,11:48 AM,3:40 PM
140,59,www.newdle.rhodes.edu,www.newdle.rhodes.edu,TR,4:16 PM,10:01 AM
273,9,www.newdle.rhodes.edu,www.newdle.rhodes.edu,MWF,2:44 PM,10:02 AM
694,45,www.newdle.rhodes.edu,www.newdle.rhodes.edu,TR,2:17 PM,9:06 AM
80,50,www.newdle.rhodes.edu,www.newdle.rhodes.edu,MWF,2:02 PM,3:45 PM
686,35,www.newdle.rhodes.edu,www.newdle.rhodes.edu,MWF,1:27 PM,12:40 PM
96,92,www.newdle.rhodes.edu,www.newdle.rhodes.edu,TR,9:40 AM,11:37 AM
112,39,www.newdle.rhodes.edu,www.newdle.rhodes.edu,TR,1:19 PM,9:32 AM
444,52,www.newdle.rhodes.edu,www.newdle.rhodes.edu,TR,9:25 AM,8:41 AM
536,41,www.newdle.rhodes.edu,www.newdle.rhodes.edu,MWF,1:13 PM,11:48 AM
157,78,www.newdle.rhodes.edu,www.newdle.rhodes.edu,MWF,12:16 PM,9:53 AM
627,81,www.newdle.rhodes.edu,www.newdle.rhodes.edu,TR,2:49 PM,2:35 PM
63,51,www.newdle.rhodes.edu,www.newdle.rhodes.edu,TR,2:38 PM,10:18 AM
694,55,www.newdle.rhodes.edu,www.newdle.rhodes.edu,TR,1:19 PM,4:12 PM
381,59,www.newdle.rhodes.edu,www.newdle.rhodes.edu,MWF,11:12 AM,3:57 PM
154,30,www.newdle.rhodes.edu,www.newdle.rhodes.edu,MWF,2:09 PM,9:18 AM
673,55,www.newdle.rhodes.edu,www.newdle.rhodes.edu,TR,3:23 PM,2:21 PM
189,61,www.newdle.rhodes.edu,www.newdle.rhodes.edu,MWF,12:12 PM,4:15 PM
186,46,www.newdle.rhodes.edu,www.newdle.rhodes.edu,TR,3:53 PM,4:43 PM
1,80,www.newdle.rhodes.edu,www.newdle.rhodes.edu,MWF,8:25 AM,2:42 PM
523,23,www.newdle.rhodes.edu,www.newdle.rhodes.edu,MWF,12:15 PM,4:01 PM
346,20,www.newdle.rhodes.edu,www.newdle.rhodes.edu,TR,11:55 AM,9:41 AM
416,18,www.newdle.rhodes.edu,www.newdle.rhodes.edu,TR,4:38 PM,10:56 AM
69,52,www.newdle.rhodes.edu,www.newdle.rhodes.edu,MWF,8:59 AM,12:15 PM
517,66,www.newdle.rhodes.edu,www.newdle.rhodes.edu,TR,1:29 PM,11:58 AM
632,34,www.newdle.rhodes.edu,www.newdle.rhodes.edu,MWF,3:35 PM,1:54 PM
593,42,www.newdle.rhodes.edu,www.newdle.rhodes.edu,TR,2:07 PM,8:26 AM
611,48,www.newdle.rhodes.edu,www.newdle.rhodes.edu,TR,2:22 PM,8:34 AM
77,84,www.newdle.rhodes.edu,www.newdle.rhodes.edu,TR,1:46 PM,9:39 AM
85,93,www.newdle.rhodes.edu,www.newdle.rhodes.edu,MWF,4:58 PM,8:22 AM
494,57,www.newdle.rhodes.edu,www.newdle.rhodes.edu,TR,4:58 PM,8:35 AM
129,90,www.newdle.rhodes.edu,www.newdle.rhodes.edu,MWF,8:58 AM,10:07 AM
563,38,www.newdle.rhodes.edu,www.newdle.rhodes.edu,MWF,8:51 AM,1:11 PM
596,17,www.newdle.rhodes.edu,www.newdle.rhodes.edu,MWF,8:07 AM,11:40 AM
328,80,www.newdle.rhodes.edu,www.newdle.rhodes.edu,TR,1:39 PM,4:38 PM
81,2,www.newdle.rhodes.edu,www.newdle.rhodes.edu,TR,1:11 PM,12:17 PM
472,3,www.newdle.rhodes.edu,www.newdle.rhodes.edu,MWF,3:15 PM,12:03 PM
178,54,www.newdle.rhodes.edu,www.newdle.rhodes.edu,TR,10:53 AM,2:26 PM
584,83,www.newdle.rhodes.edu,www.newdle.rhodes.edu,MWF,2:55 PM,12:20 PM
277,98,www.newdle.rhodes.edu,www.newdle.rhodes.edu,MWF,11:22 AM,2:13 PM
690,94,www.newdle.rhodes.edu,www.newdle.rhodes.edu,TR,2:28 PM,3:14 PM
160,96,www.newdle.rhodes.edu,www.newdle.rhodes.edu,TR,2:51 PM,2:03 PM
126,11,www.newdle.rhodes.edu,www.newdle.rhodes.edu,MWF,1:13 PM,10:46 AM
519,98,www.newdle.rhodes.edu,www.newdle.rhodes.edu,TR,11:04 AM,9:15 AM
293,35,www.newdle.rhodes.edu,www.newdle.rhodes.edu,TR,10:23 AM,11:33 AM
456,42,www.newdle.rhodes.edu,www.newdle.rhodes.edu,MWF,4:07 PM,10:31 AM
9,71,www.newdle.rhodes.edu,www.newdle.rhodes.edu,MWF,12:23 PM,3:32 PM
697,8,www.newdle.rhodes.edu,www.newdle.rhodes.edu,TR,8:29 AM,1:27 PM
561,61,www.newdle.rhodes.edu,www.newdle.rhodes.edu,TR,8:13 AM,11:50 AM
317,25,www.newdle.rhodes.edu,www.newdle.rhodes.edu,MWF,8:53 AM,3:11 PM
688,92,www.newdle.rhodes.edu,www.newdle.rhodes.edu,TR,9:01 AM,12:33 PM
489,10,www.newdle.rhodes.edu,www.newdle.rhodes.edu,MWF,12:25 PM,8:49 AM
684,29,www.newdle.rhodes.edu,www.newdle.rhodes.edu,TR,2:34 PM,11:44 AM
486,73,www.newdle.rhodes.edu,www.newdle.rhodes.edu,TR,10:20 AM,3:40 PM
415,36,www.newdle.rhodes.edu,www.newdle.rhodes.edu,MWF,10:29 AM,11:06 AM
303,7,www.newdle.rhodes.edu,www.newdle.rhodes.edu,TR,4:01 PM,2:15 PM
528,50,www.newdle.rhodes.edu,www.newdle.rhodes.edu,MWF,8:28 AM,11:13 AM
274,97,www.newdle.rhodes.edu,www.newdle.rhodes.edu,TR,2:54 PM,9:02 AM
204,73,www.newdle.rhodes.edu,www.newdle.rhodes.edu,MWF,8:33 AM,3:46 PM
277,97,www.newdle.rhodes.edu,www.newdle.rhodes.edu,TR,10:24 AM,4:27 PM
177,53,www.newdle.rhodes.edu,www.newdle.rhodes.edu,MWF,8:43 AM,3:57 PM
219,82,www.newdle.rhodes.edu,www.newdle.rhodes.edu,TR,12:33 PM,3:03 PM
471,98,www.newdle.rhodes.edu,www.newdle.rhodes.edu,TR,9:19 AM,4:08 PM
565,18,www.newdle.rhodes.edu,www.newdle.rhodes.edu,TR,4:59 PM,2:13 PM
44,86,www.newdle.rhodes.edu,www.newdle.rhodes.edu,TR,11:15 AM,10:36 AM
694,84,www.newdle.rhodes.edu,www.newdle.rhodes.edu,TR,2:46 PM,10:40 AM
188,64,www.newdle.rhodes.edu,www.newdle.rhodes.edu,TR,11:22 AM,12:19 PM
193,30,www.newdle.rhodes.edu,www.newdle.rhodes.edu,TR,12:29 PM,4:06 PM
203,34,www.newdle.rhodes.edu,www.newdle.rhodes.edu,TR,9:59 AM,10:40 AM
673,57,www.newdle.rhodes.edu,www.newdle.rhodes.edu,MWF,10:13 AM,1:27 PM
108,11,www.newdle.rhodes.edu,www.newdle.rhodes.edu,TR,8:14 AM,3:15 PM
602,70,www.newdle.rhodes.edu,www.newdle.rhodes.edu,MWF,11:03 AM,2:33 PM
286,36,www.newdle.rhodes.edu,www.newdle.rhodes.edu,TR,3:57 PM,8:48 AM
684,96,www.newdle.rhodes.edu,www.newdle.rhodes.edu,MWF,11:51 AM,1:11 PM
191,71,www.newdle.rhodes.edu,www.newdle.rhodes.edu,MWF,8:53 AM,4:54 PM
460,35,www.newdle.rhodes.edu,www.newdle.rhodes.edu,TR,9:54 AM,3:13 PM
391,33,www.newdle.rhodes.edu,www.newdle.rhodes.edu,MWF,9:20 AM,12:41 PM
191,98,www.newdle.rhodes.edu,www.newdle.rhodes.edu,TR,2:32 PM,3:18 PM
200,22,www.newdle.rhodes.edu,www.newdle.rhodes.edu,TR,1:58 PM,8:47 AM
51,54,www.newdle.rhodes.edu,www.newdle.rhodes.edu,MWF,12:18 PM,2:36 PM
21,45,www.newdle.rhodes.edu,www.newdle.rhodes.edu,TR,4:30 PM,12:04 PM
270,65,www.newdle.rhodes.edu,www.newdle.rhodes.edu,TR,2:04 PM,10:22 AM
561,34,www.newdle.rhodes.edu,www.newdle.rhodes.edu,TR,8:57 AM,10:59 AM
133,96,www.newdle.rhodes.edu,www.newdle.rhodes.edu,TR,11:15 AM,11:41 AM
497,39,www.newdle.rhodes.edu,www.newdle.rhodes.edu,MWF,3:52 PM,9:25 AM
361,27,www.newdle.rhodes.edu,www.newdle.rhodes.edu,TR,8:17 AM,11:16 AM
32,70,www.newdle.rhodes.edu,www.newdle.rhodes.edu,MWF,1:56 PM,12:15 PM
60,2,www.newdle.rhodes.edu,www.newdle.rhodes.edu,MWF,12:24 PM,11:05 AM
96,70,www.newdle.rhodes.edu,www.newdle.rhodes.edu,TR,1:34 PM,2:01 PM
182,26,www.newdle.rhodes.edu,www.newdle.rhodes.edu,MWF,2:14 PM,8:33 AM
66,89,www.newdle.rhodes.edu,www.newdle.rhodes.edu,MWF,10:05 AM,10:34 AM
315,93,www.newdle.rhodes.edu,www.newdle.rhodes.edu,TR,9:32 AM,8:20 AM
483,46,www.newdle.rhodes.edu,www.newdle.rhodes.edu,TR,3:46 PM,9:24 AM
434,96,www.newdle.rhodes.edu,www.newdle.rhodes.edu,MWF,1:09 PM,9:12 AM
430,94,www.newdle.rhodes.edu,www.newdle.rhodes.edu,MWF,8:11 AM,4:32 PM
191,42,www.newdle.rhodes.edu,www.newdle.rhodes.edu,TR,9:00 AM,1:23 PM
416,97,www.newdle.rhodes.edu,www.newdle.rhodes.edu,TR,1:06 PM,11:48 AM
691,66,www.newdle.rhodes.edu,www.newdle.rhodes.edu,TR,12:55 PM,11:44 AM
605,12,www.newdle.rhodes.edu,www.newdle.rhodes.edu,MWF,2:16 PM,4:12 PM
359,72,www.newdle.rhodes.edu,www.newdle.rhodes.edu,TR,11:00 AM,11:23 AM
342,79,www.newdle.rhodes.edu,www.newdle.rhodes.edu,TR,9:13 AM,1:06 PM
371,87,www.newdle.rhodes.edu,www.newdle.rhodes.edu,TR,8:35 AM,9:31 AM
684,5,www.newdle.rhodes.edu,www.newdle.rhodes.edu,MWF,8:49 AM,4:45 PM
226,57,www.newdle.rhodes.edu,www.newdle.rhodes.edu,MWF,2:03 PM,3:17 PM
108,11,www.newdle.rhodes.edu,www.newdle.rhodes.edu,TR,2:02 PM,11:42 AM
121,22,www.newdle.rhodes.edu,www.newdle.rhodes.edu,TR,8:22 AM,10:39 AM
697,58,www.newdle.rhodes.edu,www.newdle.rhodes.edu,MWF,8:50 AM,10:50 AM
183,93,www.newdle.rhodes.edu,www.newdle.rhodes.edu,MWF,4:02 PM,9:58 AM
304,78,www.newdle.rhodes.edu,www.newdle.rhodes.edu,MWF,9:25 AM,1:45 PM
357,45,www.newdle.rhodes.edu,www.newdle.rhodes.edu,MWF,8:43 AM,12:27 PM
404,34,www.newdle.rhodes.edu,www.newdle.rhodes.edu,TR,12:30 PM,2:53 PM
583,67,www.newdle.rhodes.edu,www.newdle.rhodes.edu,MWF,3:21 PM,2:26 PM
560,38,www.newdle.rhodes.edu,www.newdle.rhodes.edu,MWF,12:05 PM,10:24 AM
44,98,www.newdle.rhodes.edu,www.newdle.rhodes.edu,MWF,2:24 PM,1:30 PM
583,20,www.newdle.rhodes.edu,www.newdle.rhodes.edu,TR,11:41 AM,4:56 PM
199,74,www.newdle.rhodes.edu,www.newdle.rhodes.edu,MWF,10:16 AM,2:46 PM
521,69,www.newdle.rhodes.edu,www.newdle.rhodes.edu,MWF,2:15 PM,2:22 PM
15,90,www.newdle.rhodes.edu,www.newdle.rhodes.edu,MWF,12:09 PM,1:49 PM
311,78,www.newdle.rhodes.edu,www.newdle.rhodes.edu,MWF,11:28 AM,12:23 PM
164,33,www.newdle.rhodes.edu,www.newdle.rhodes.edu,MWF,12:09 PM,4:52 PM
110,24,www.newdle.rhodes.edu,www.newdle.rhodes.edu,TR,9:04 AM,12:27 PM
112,98,www.newdle.rhodes.edu,www.newdle.rhodes.edu,TR,8:00 AM,3:54 PM
696,39,www.newdle.rhodes.edu,www.newdle.rhodes.edu,TR,1:04 PM,1:43 PM
97,22,www.newdle.rhodes.edu,www.newdle.rhodes.edu,MWF,11:51 AM,3:38 PM
5,54,www.newdle.rhodes.edu,www.newdle.rhodes.edu,TR,2:56 PM,12:42 PM
697,13,www.newdle.rhodes.edu,www.newdle.rhodes.edu,TR,12:49 PM,2:23 PM
640,39,www.newdle.rhodes.edu,www.newdle.rhodes.edu,TR,10:10 AM,9:40 AM
538,45,www.newdle.rhodes.edu,www.newdle.rhodes.edu,TR,8:36 AM,1:00 PM
625,10,www.newdle.rhodes.edu,www.newdle.rhodes.edu,MWF,1:54 PM,12:20 PM
416,71,www.newdle.rhodes.edu,www.newdle.rhodes.edu,MWF,3:23 PM,10:58 AM
213,61,www.newdle.rhodes.edu,www.newdle.rhodes.edu,TR,11:36 AM,9:38 AM
295,55,www.newdle.rhodes.edu,www.newdle.rhodes.edu,TR,12:47 PM,9:53 AM
232,33,www.newdle.rhodes.edu,www.newdle.rhodes.edu,MWF,9:43 AM,2:15 PM
457,52,www.newdle.rhodes.edu,www.newdle.rhodes.edu,TR,2:40 PM,1:31 PM
570,45,www.newdle.rhodes.edu,www.newdle.rhodes.edu,MWF,2:36 PM,9:55 AM
176,38,www.newdle.rhodes.edu,www.newdle.rhodes.edu,TR,2:30 PM,4:37 PM
259,97,www.newdle.rhodes.edu,www.newdle.rhodes.edu,TR,3:44 PM,4:43 PM
167,22,www.newdle.rhodes.edu,www.newdle.rhodes.edu,TR,9:41 AM,8:10 AM
186,56,www.newdle.rhodes.edu,www.newdle.rhodes.edu,TR,8:57 AM,12:36 PM
234,39,www.newdle.rhodes.edu,www.newdle.rhodes.edu,TR,9:49 AM,2:43 PM
491,68,www.newdle.rhodes.edu,www.newdle.rhodes.edu,MWF,4:07 PM,11:58 AM
226,63,www.newdle.rhodes.edu,www.newdle.rhodes.edu,TR,1:52 PM,9:10 AM
153,42,www.newdle.rhodes.edu,www.newdle.rhodes.edu,MWF,8:36 AM,12:40 PM
522,70,www.newdle.rhodes.edu,www.newdle.rhodes.edu,MWF,4:17 PM,11:56 AM
698,82,www.newdle.rhodes.edu,www.newdle.rhodes.edu,TR,4:17 PM,1:00 PM
69,75,www.newdle.rhodes.edu,www.newdle.rhodes.edu,MWF,1:26 PM,1:47 PM
676,92,www.newdle.rhodes.edu,www.newdle.rhodes.edu,MWF,2:19 PM,3:33 PM
